sequence_name	AHR	ARID5B	BACH/NFE	BBX	BCL	CDC5L	CEBPA	CENPB	CREB3L/XBP	CTCF	DMRT/DMRTA	E2F/TFDP	EBF	EGR	ESR/ESRRA	ETS	FEZF	FOSL	FOX	FOXJ	GATA	GCM	GFI	GLI/GLIS/ZIC	GMEB	GTF3A	HIC	HINFP	HMBOX	HNF1A/HNF1B	HNF4A/HNF4G	HOX	HSF	IKZF	INSM	IRF/STAT	LEF/TCF	LIN28B	MAFF/MAFG	MAZ	MBD	MBNL	MECOM	MEF2	MEIS/PBX	MYB	MYBL	MYNN	MYRF	MZF	NEUROG/OLIG	NFATC	NFKB/RELA	NFYA/NFYB	NHLH/TFAP	NR	NR1I/VDR	OSR	OVOL	PAX	POU	POU4F	PRDM	PRDM/ZEB	PROX	RBAK	REST	RFX	RFX/MXI	RORC/RORA	RUNX	SATB	SIX/ZNF	SMAD	SOX	SP/KLF	SPDEF	SRF	STAT/STAT5A	TBX	TEAD	TFAP	TFCP	THAP	TLX	TOPORS	TP	WT	XPA	YBX	YY/ZFP	ZBTB	ZIM	ZKSCAN	ZNF	ZSCAN	ZSCAN5C
H031_3LTR_SGA10_(reversed)	1	0	1	0	1	0	0	1	0	1	0	0	0	0	0	2	0	0	0	0	0	1	0	0	0	0	0	0	0	0	1	0	1	2	1	0	0	0	0	0	0	0	0	0	1	0	0	0	0	1	0	0	2	0	2	1	0	0	0	2	0	0	5	0	0	0	0	1	2	0	0	0	0	1	0	0	0	0	0	1	0	2	2	0	0	1	0	0	0	0	0	2	0	0	41	1	0
H031_3LTR_SGA11_(reversed)	1	0	1	0	1	0	0	1	0	1	0	0	0	0	0	2	0	0	0	0	0	1	0	0	0	0	0	0	0	0	1	0	1	2	1	0	0	0	0	0	0	0	0	0	1	0	0	0	0	1	0	0	2	0	2	1	0	0	0	2	0	0	5	0	0	0	0	1	2	0	0	0	0	1	0	0	0	0	0	1	0	2	2	0	0	1	0	0	0	0	0	2	0	0	41	1	0
H031_3LTR_SGA12	1	0	1	0	1	0	0	1	0	1	0	0	0	0	0	2	0	0	0	0	0	1	0	0	0	0	0	0	0	0	1	0	1	2	1	0	0	0	0	0	0	0	0	0	1	0	0	0	0	1	0	0	2	0	2	1	0	0	0	2	0	0	5	0	0	0	0	1	2	0	0	0	0	1	0	0	0	0	0	1	0	2	2	0	0	1	0	0	0	0	0	2	0	0	41	1	0
H031_3LTR_SGA13	1	0	1	0	1	0	0	1	0	1	0	0	0	0	0	2	0	0	0	0	0	1	0	0	0	0	0	0	0	0	1	0	1	2	1	0	0	0	0	0	0	0	0	0	1	0	0	0	0	1	0	0	2	0	2	1	0	0	0	2	0	0	5	0	0	0	0	1	2	0	0	0	0	1	0	0	0	0	0	1	0	2	2	0	0	1	0	0	0	0	0	2	0	0	41	1	0
H031_3LTR_SGA14_(reversed)	1	0	1	0	1	0	0	1	0	1	0	0	0	0	0	2	0	0	0	0	0	1	0	0	0	0	0	0	0	0	1	0	1	1	1	0	0	0	0	0	0	0	0	1	1	0	0	0	0	1	0	0	2	0	2	3	0	0	0	2	0	0	5	0	0	1	0	0	2	0	0	0	0	1	0	0	0	0	0	1	0	2	2	1	0	1	0	0	0	0	0	2	0	0	42	1	1
H031_3LTR_SGA15_(reversed)	1	0	1	0	1	0	0	1	0	1	0	0	0	0	0	2	0	0	0	0	0	1	0	0	0	0	0	0	0	0	1	0	1	1	1	0	0	0	0	0	0	0	0	1	1	0	0	0	0	1	0	0	2	0	2	3	0	0	0	2	0	0	5	0	0	1	0	0	2	0	0	0	0	1	0	0	0	0	0	1	0	2	2	1	0	1	0	0	0	0	0	2	0	0	42	1	1
H031_3LTR_SGA16_(reversed)	1	0	1	0	1	0	0	1	0	1	0	0	0	0	0	2	0	0	0	0	0	1	0	0	0	0	0	0	0	0	1	0	1	2	1	0	0	0	0	0	0	0	0	0	1	0	0	0	0	1	0	0	2	0	2	1	0	0	0	2	0	0	5	0	0	0	0	1	2	0	0	0	0	1	0	0	0	0	0	1	0	2	2	0	0	1	0	0	0	0	0	2	0	0	41	1	0
H031_3LTR_SGA17	1	0	1	0	1	0	0	1	0	1	0	0	0	0	0	2	0	0	0	0	0	1	0	0	0	0	0	0	0	0	1	0	1	2	1	0	0	0	0	0	0	0	0	0	1	0	0	0	0	1	0	0	2	0	2	1	0	0	0	2	0	0	5	0	0	0	0	1	2	0	0	0	0	1	0	0	0	0	0	1	0	2	2	0	0	1	0	0	0	0	0	2	0	0	41	1	0
H031_3LTR_SGA18_(reversed)	0	0	1	0	1	0	0	1	0	1	0	0	0	0	0	2	0	0	1	0	0	1	0	0	0	0	0	0	0	0	1	0	0	2	1	0	0	0	0	0	0	0	0	0	1	0	0	0	0	1	0	0	2	0	2	1	0	0	0	1	0	0	5	0	0	1	0	0	2	0	0	0	0	1	0	0	0	0	0	1	0	2	1	0	0	1	0	0	0	0	0	2	0	0	43	1	0
H031_3LTR_SGA19_(reversed)	1	0	1	0	1	0	0	1	0	1	0	1	0	0	0	2	0	0	0	0	0	1	0	0	0	0	0	0	0	0	1	0	1	2	1	0	0	0	0	0	0	0	0	0	1	0	0	0	0	1	0	0	2	0	2	1	0	0	0	2	0	0	5	0	0	0	0	1	2	0	0	0	0	1	0	0	0	0	0	1	0	2	2	0	0	1	0	0	0	0	0	2	0	0	41	1	0
H031_3LTR_SGA20_(reversed)	1	0	1	0	1	0	0	1	0	1	0	0	0	0	0	2	0	0	0	0	0	1	0	0	0	0	0	0	0	0	1	0	1	2	1	0	0	0	0	0	0	0	0	0	1	0	0	0	0	1	0	0	2	0	2	1	0	0	0	2	0	0	5	0	0	0	0	1	2	0	0	0	0	1	0	0	0	0	0	1	0	2	2	0	0	1	0	0	0	0	0	2	0	0	41	1	0
H031_3LTR_SGA2_Feb_(reversed)	1	0	1	0	1	0	0	1	0	1	0	0	0	0	0	2	0	0	0	0	0	1	0	0	0	0	0	0	0	0	1	0	1	2	1	0	0	0	0	0	0	0	0	0	1	0	0	0	0	1	0	0	2	0	2	1	0	0	0	2	0	0	5	0	0	0	0	1	2	0	0	0	0	1	0	0	0	0	0	1	0	2	2	0	0	1	0	0	0	0	0	2	0	0	41	1	0
H031_3LTR_SGA2_Mar_(reversed)	1	0	1	0	1	0	0	1	0	1	0	0	0	0	0	2	0	0	0	0	0	1	0	0	0	0	0	0	0	0	1	0	1	2	1	0	0	0	0	0	0	0	0	0	1	0	0	0	0	1	0	0	2	0	2	1	0	0	0	2	0	0	5	0	0	0	0	1	2	0	0	0	0	1	0	0	0	0	0	1	0	2	2	0	0	1	0	0	0	0	0	2	0	0	41	1	0
H031_3LTR_SGA3_Feb_(reversed)	1	0	1	0	1	0	0	1	0	1	0	0	0	0	0	2	0	0	0	0	0	1	0	0	0	0	0	0	0	0	1	0	1	2	1	0	0	0	0	0	0	0	0	0	1	0	0	0	0	1	0	0	2	0	2	1	0	0	0	2	0	0	5	0	0	0	0	1	2	0	0	0	0	1	0	0	0	0	0	1	0	2	2	0	0	1	0	0	0	0	0	2	0	0	40	1	0
H031_3LTR_SGA3_Mar_(reversed)	1	0	1	0	1	0	0	1	0	1	0	0	0	0	0	2	0	0	0	0	0	1	0	0	0	0	0	0	0	0	1	0	1	2	1	0	0	0	0	0	0	0	0	0	1	0	0	0	0	1	0	0	2	0	2	1	0	0	0	2	0	0	5	0	0	0	0	1	2	0	0	0	0	1	0	0	0	0	0	1	0	2	2	0	0	1	0	0	0	0	0	2	0	0	40	1	0
H031_3LTR_SGA4	1	0	1	0	1	0	0	1	0	1	0	0	0	0	0	2	0	0	0	0	0	1	0	0	0	0	0	0	0	0	1	0	1	1	1	0	0	0	0	0	0	0	0	1	1	0	0	0	0	1	0	0	2	0	2	3	0	0	0	2	0	0	5	0	0	1	0	0	2	0	0	0	0	1	0	0	0	0	0	1	0	2	2	1	0	1	0	0	0	0	0	2	0	0	42	1	1
H031_3LTR_SGA5_(reversed)	1	0	1	0	1	0	0	1	0	1	0	0	0	0	0	2	0	0	0	0	0	1	0	0	0	0	0	0	0	0	1	0	1	2	1	0	0	0	0	0	0	0	0	0	1	0	0	0	0	1	0	0	2	0	2	1	0	0	0	2	0	0	5	0	0	0	0	1	2	0	0	0	0	1	0	0	0	0	0	1	0	2	2	0	0	1	0	0	0	0	0	2	0	0	41	1	0
H031_3LTR_SGA6_(reversed)	1	0	1	0	1	0	0	1	0	1	0	0	0	0	0	2	0	0	0	0	0	1	0	0	0	0	0	0	0	0	1	0	1	2	1	0	0	0	0	0	0	0	0	0	1	0	0	0	0	1	0	0	2	0	2	1	0	0	0	2	0	0	5	0	0	0	0	1	2	0	0	0	0	1	0	0	0	0	0	1	0	2	2	0	0	1	0	0	0	0	0	2	0	0	41	1	0
H031_3LTR_SGA7_(reversed)	1	0	1	0	1	0	0	1	0	1	0	0	0	0	0	2	0	0	0	0	0	1	0	0	0	0	0	0	0	0	1	0	1	2	1	0	0	0	0	0	0	0	0	0	1	0	0	0	0	1	0	0	2	0	2	1	0	0	0	2	0	0	5	0	0	0	0	1	2	0	0	0	0	1	0	0	0	0	0	1	0	2	2	0	0	1	0	0	0	0	0	2	0	0	41	1	0
H031_3LTR_SGA8_(reversed)	1	0	1	0	1	0	0	1	0	1	0	0	0	0	0	2	0	0	0	0	0	1	0	0	0	0	0	0	0	0	1	0	1	2	1	0	0	0	0	0	0	0	0	0	1	0	0	0	0	1	0	0	2	0	2	1	0	0	0	2	0	0	5	0	0	0	0	1	2	0	0	0	0	1	0	0	0	0	0	1	0	2	2	0	0	1	0	0	0	0	0	2	0	0	41	1	0
H031_3LTR_SGA9_(reversed)	1	0	1	0	1	0	0	1	0	1	0	0	0	0	0	2	0	0	0	0	0	1	0	0	0	0	0	0	0	0	1	0	1	2	1	0	0	0	0	0	0	0	0	0	1	0	0	0	0	1	0	0	2	0	2	1	0	0	0	2	0	0	5	0	0	0	0	1	2	0	0	0	0	1	0	0	0	0	0	1	0	2	2	0	0	1	0	0	0	0	0	2	0	0	41	1	0
H031_5LTR_SGA10_3-31-23	1	0	1	0	1	0	0	1	0	1	0	0	0	0	0	2	0	0	0	0	0	1	0	0	0	0	0	0	0	0	1	0	1	2	1	0	0	0	0	0	0	0	0	0	1	0	0	0	0	0	0	0	2	0	2	1	0	0	0	2	0	0	5	0	0	0	0	1	2	0	0	0	0	1	0	0	0	0	0	1	0	2	2	0	0	1	0	0	0	0	0	2	0	0	42	1	0
H031_5LTR_SGA11_3-31-23	1	0	1	0	1	0	0	1	0	1	0	0	0	0	0	2	0	0	0	0	0	1	0	0	0	0	0	0	0	0	1	0	1	1	1	0	0	0	0	0	0	0	0	1	1	0	0	0	0	0	0	0	2	0	2	3	0	0	0	2	0	0	5	0	0	1	0	0	2	0	0	0	0	1	0	0	0	0	0	1	0	2	2	1	0	1	0	0	0	0	0	2	0	0	43	1	1
H031_5LTR_SGA12_3-31-23	1	0	1	0	1	0	0	1	0	1	0	0	0	0	0	2	0	0	0	0	0	1	0	0	0	0	0	0	0	0	1	0	1	2	1	0	0	0	0	0	0	0	0	0	1	0	0	0	0	0	0	0	2	0	2	1	0	0	0	2	0	0	5	0	0	0	0	1	2	0	0	0	0	1	0	0	0	0	0	1	0	2	2	0	0	1	0	0	0	0	0	2	0	0	42	1	0
H031_5LTR_SGA13_3-31-23	1	0	1	0	1	0	0	1	0	1	0	0	0	0	0	2	0	0	0	0	0	1	0	0	0	0	0	0	0	0	1	0	1	2	1	0	0	0	0	0	0	0	0	0	1	0	0	0	0	0	0	0	2	0	2	1	0	0	0	2	0	0	5	0	0	0	0	1	2	0	0	0	0	1	0	0	0	0	0	1	0	2	2	0	0	1	0	0	0	0	0	2	0	0	42	1	0
H031_5LTR_SGA14_11-10-23	0	0	1	0	1	0	0	1	0	1	0	0	0	0	0	3	0	0	1	0	0	1	0	0	0	0	0	0	0	0	1	0	0	2	1	0	0	0	0	0	0	0	0	0	1	0	0	0	0	0	0	0	3	0	2	1	0	0	0	1	0	0	5	0	0	1	0	0	2	0	0	0	0	1	0	0	0	0	0	1	0	2	0	0	0	1	0	0	0	0	0	2	0	0	45	1	0
H031_5LTR_SGA15_11-10-23	0	0	1	0	1	0	0	1	0	1	0	0	0	0	0	2	0	0	1	0	0	1	0	0	0	0	0	0	0	0	1	0	0	2	1	0	0	0	0	0	0	0	0	0	1	0	0	0	0	0	0	0	2	0	2	1	0	0	0	1	0	0	5	0	0	1	0	0	2	0	0	0	0	1	0	0	0	0	0	1	0	2	1	0	0	1	0	0	0	0	0	2	0	0	44	1	0
H031_5LTR_SGA16_11-10-23	1	0	1	0	1	0	0	1	0	1	0	0	0	0	0	2	0	0	0	0	0	1	0	1	0	0	0	0	0	0	1	0	1	1	2	0	0	0	0	0	0	0	0	0	1	0	0	0	0	0	0	0	2	0	2	1	0	0	0	2	0	0	5	0	0	1	0	0	2	0	0	0	0	1	0	0	0	0	0	1	0	2	2	0	0	1	0	0	0	0	0	2	0	0	43	1	0
H031_5LTR_SGA17_11-10-23_(reversed)	1	0	1	0	1	0	0	1	0	1	0	0	0	0	0	2	0	0	0	0	0	1	0	0	0	0	0	0	0	0	1	0	1	1	2	0	0	0	0	0	0	0	0	0	1	0	0	0	0	0	0	0	2	0	2	1	0	0	0	2	0	0	5	0	0	1	0	0	2	0	0	0	0	1	0	0	1	0	0	1	0	2	1	0	0	1	0	0	0	0	0	2	0	0	42	1	0
H031_5LTR_SGA19_11-10-23	1	0	1	0	1	0	0	1	0	1	0	0	0	0	0	2	0	0	0	0	0	1	0	0	0	0	0	0	0	0	1	0	1	1	1	0	0	0	0	0	0	0	0	1	1	0	0	0	0	0	0	0	2	0	2	3	0	0	0	2	0	0	5	0	0	1	0	0	2	0	0	0	0	1	0	0	0	0	0	1	0	2	2	1	0	1	0	0	0	0	0	2	0	0	43	1	1
H031_5LTR_SGA20_11-10-23	0	0	1	0	1	0	0	1	0	1	0	0	0	0	0	2	0	0	1	0	0	1	0	0	0	0	0	0	0	0	1	0	0	2	1	0	0	0	0	0	0	0	0	0	1	0	0	0	0	0	0	0	2	0	2	1	0	0	0	1	0	0	5	0	0	1	0	0	2	0	0	0	0	1	0	0	0	0	0	1	0	2	1	0	0	1	0	0	0	0	0	2	0	0	44	1	0
H031_5LTR_SGA21_11-10-23	0	0	1	0	1	0	0	1	0	1	0	0	0	0	0	2	0	0	1	0	0	1	0	0	0	0	0	1	0	0	1	0	0	2	1	0	0	0	0	0	0	0	0	0	1	0	0	0	0	0	0	0	2	0	2	1	0	0	0	2	0	0	5	0	0	1	0	0	2	0	0	0	0	1	0	0	0	0	0	1	0	2	1	0	0	1	0	0	0	0	0	2	0	0	43	2	0
H031_5LTR_SGA22_11-10-23	1	0	1	0	1	0	0	1	0	1	0	0	0	0	0	2	0	0	0	0	0	1	0	0	0	0	0	0	0	0	1	0	1	2	1	0	0	0	0	0	0	0	0	0	1	0	0	0	0	0	0	0	2	0	2	1	0	0	0	2	0	0	5	0	0	0	0	1	2	0	0	0	0	1	0	0	0	0	0	1	0	2	2	0	0	1	0	0	0	0	0	2	0	0	42	1	0
H031_5LTR_SGA23_11-10-23	1	0	1	0	1	0	0	1	0	1	0	0	0	0	0	2	0	0	0	0	0	1	0	0	0	0	0	0	0	0	1	0	1	2	1	0	0	0	0	0	0	0	0	0	1	0	0	0	0	0	0	0	2	0	2	1	0	0	0	2	0	0	5	0	0	0	0	1	2	0	0	0	0	1	0	0	0	0	0	1	0	2	2	0	0	1	0	0	0	0	0	2	0	0	42	1	0
H031_5LTR_SGA25_11-10-23	1	0	1	0	1	0	0	1	0	1	0	0	0	0	0	2	0	0	0	0	0	1	0	0	0	0	0	0	0	0	1	0	1	2	1	0	0	0	0	0	0	0	0	0	1	0	0	0	0	0	0	0	2	0	2	1	0	0	0	2	0	0	5	0	0	0	0	1	2	0	0	0	0	1	0	0	0	0	0	1	0	2	2	0	0	1	0	0	0	0	0	2	0	0	42	1	0
H031_5LTR_SGA26_11-10-23	1	0	1	0	1	0	0	1	0	1	0	0	0	0	0	2	0	0	0	0	0	1	0	0	0	0	0	0	0	0	1	0	1	2	1	0	0	0	0	0	0	0	0	0	1	0	0	0	0	0	0	0	2	0	2	1	0	0	0	2	0	0	5	0	0	0	0	1	2	0	0	0	0	1	0	0	0	0	0	1	0	2	2	0	0	1	0	0	0	0	0	2	0	0	42	1	0
H031_5LTR_SGA7_3-31-23	1	0	1	0	1	0	0	1	0	1	0	0	0	0	0	2	0	0	0	0	0	1	0	0	0	0	0	0	0	0	1	0	1	2	1	0	0	0	0	0	0	0	0	0	1	0	0	0	0	0	0	0	2	0	2	1	0	0	0	2	0	0	5	0	0	0	0	1	2	0	0	0	0	1	0	0	0	0	0	1	0	2	2	0	0	1	0	0	0	0	0	2	0	0	42	1	0
H031_5LTR_SGA8_3-31-23	1	0	1	0	1	0	0	1	0	1	0	0	0	0	0	2	0	0	0	0	0	1	0	0	0	0	0	0	0	0	1	0	1	2	1	0	0	0	0	0	0	0	0	0	1	0	0	0	0	0	0	0	2	0	2	1	0	0	0	2	0	0	5	0	0	0	0	1	2	0	0	0	0	1	0	0	0	0	0	1	0	2	2	0	0	1	0	0	0	0	0	2	0	0	42	1	0
H031_5LTR_SGA9_3-31-23	1	0	1	0	1	0	0	1	0	1	0	0	0	0	0	2	0	0	0	0	0	1	0	0	0	0	0	0	0	0	1	0	1	1	1	0	0	0	0	0	0	0	0	1	1	0	0	0	0	0	0	0	2	0	2	3	0	0	0	2	0	0	5	0	0	1	0	0	2	0	0	0	0	1	0	0	0	0	0	1	0	2	2	1	0	1	0	0	0	0	0	2	0	0	43	1	1
H032_3LTR_SGA10	0	0	0	0	2	0	1	0	0	0	0	0	0	0	0	1	0	0	2	0	0	0	0	0	0	0	0	0	0	0	0	1	1	2	1	2	0	0	0	0	0	0	0	0	1	0	0	0	0	1	0	0	1	0	1	1	0	0	1	2	1	0	4	0	0	1	0	0	1	0	0	0	1	1	2	0	0	1	0	1	0	1	2	1	0	1	0	0	0	0	0	2	0	0	39	2	0
H032_3LTR_SGA11	0	0	0	0	1	0	0	0	0	0	0	0	0	0	0	1	0	0	0	0	0	0	0	0	0	0	0	0	0	0	1	2	2	2	0	1	0	0	0	0	0	0	0	0	1	0	0	0	0	1	0	1	0	0	0	0	0	1	0	2	0	0	3	0	0	0	0	0	2	0	0	0	0	1	0	0	0	1	0	0	0	2	1	2	0	1	0	0	0	0	0	1	0	0	38	2	0
H032_3LTR_SGA12_(reversed)	0	0	0	0	2	0	1	0	0	0	0	0	0	0	0	1	0	0	2	0	0	0	0	0	0	0	0	0	0	0	0	1	1	2	1	2	0	0	0	0	0	0	0	0	1	0	0	0	0	1	0	0	1	0	1	1	0	1	1	2	2	0	4	0	0	1	0	0	1	0	0	0	1	1	2	0	0	1	0	1	0	1	2	1	0	1	0	0	0	0	0	2	0	0	38	2	0
H032_3LTR_SGA13_(reversed)	0	0	0	0	1	0	0	0	0	0	0	0	0	0	0	3	0	0	1	0	0	0	0	0	0	0	0	0	0	0	0	1	1	2	1	1	0	0	0	0	0	0	0	0	2	0	0	0	0	1	0	1	1	0	0	2	0	1	0	2	0	0	3	0	0	0	0	0	2	0	0	0	1	1	0	0	1	1	0	0	0	2	2	0	0	0	0	0	0	0	0	2	0	1	40	1	0
H032_3LTR_SGA15	0	0	0	0	2	0	1	0	0	0	0	0	0	0	0	1	0	0	2	0	0	0	0	0	0	0	0	0	0	0	0	1	1	2	1	2	0	0	0	0	0	0	0	0	1	0	0	0	0	1	0	0	1	0	1	1	0	1	1	2	2	0	3	0	0	1	0	0	1	0	0	0	1	1	2	0	0	1	0	1	0	1	2	1	0	1	0	0	0	0	0	2	0	0	37	2	0
H032_3LTR_SGA16	0	0	0	0	3	0	0	0	0	1	0	0	1	0	0	2	0	0	0	0	0	0	0	0	0	0	0	0	0	0	0	0	1	1	0	2	0	0	0	0	1	0	0	0	2	0	0	0	2	1	0	0	1	1	1	0	0	1	1	2	0	0	4	0	0	0	0	0	1	0	0	0	1	1	2	0	0	1	0	0	0	1	2	1	0	0	0	0	0	0	0	1	0	0	44	3	0
H032_3LTR_SGA17_(reversed)	0	0	0	0	1	0	1	0	0	1	0	0	1	0	0	2	0	0	0	0	0	0	0	0	0	0	0	0	0	0	0	0	1	1	0	2	0	0	0	0	1	0	0	0	2	0	0	0	0	1	0	0	1	1	1	0	0	1	1	2	0	0	4	0	0	0	0	0	1	0	0	0	1	1	2	0	0	1	0	0	0	1	2	1	0	0	0	0	0	0	0	1	0	0	47	3	0
H032_3LTR_SGA18_(reversed)	0	0	0	0	3	0	0	0	0	0	0	0	0	0	0	1	0	0	1	0	0	0	0	0	0	0	0	0	0	0	0	1	1	2	0	2	0	0	0	0	0	0	0	0	1	0	0	0	2	1	0	0	1	1	1	0	0	1	1	2	1	0	4	0	0	0	0	0	2	0	0	0	1	1	0	0	0	1	0	1	0	1	1	1	0	1	0	0	0	0	0	2	0	0	39	3	0
H032_3LTR_SGA19	0	0	0	0	1	0	0	0	0	0	0	0	0	0	0	1	0	0	0	0	0	0	0	0	0	0	0	0	0	0	1	2	2	2	0	1	0	0	0	0	0	0	0	0	1	0	0	0	0	1	0	1	0	0	0	0	0	1	0	2	0	0	3	0	0	0	0	0	2	0	0	0	0	1	0	0	0	1	0	0	0	2	1	2	0	1	0	0	0	0	0	1	0	0	38	2	0
H032_3LTR_SGA1_(reversed)	0	0	0	0	1	0	0	0	0	0	0	0	0	0	0	3	0	0	1	0	0	0	0	0	0	0	0	0	0	0	0	1	1	2	1	1	0	0	0	0	0	0	0	0	2	0	0	0	0	1	0	1	1	0	0	2	0	1	0	2	0	0	3	0	0	0	0	0	2	0	0	0	1	1	0	0	1	1	0	0	0	2	2	0	0	0	0	0	0	0	0	2	0	1	40	1	0
H032_3LTR_SGA20	0	0	0	0	2	0	0	0	0	1	0	0	1	0	0	2	0	0	1	0	0	0	0	0	0	0	0	0	0	0	0	0	1	1	0	2	0	0	0	0	1	0	0	0	2	0	0	0	2	1	0	0	1	1	1	0	0	1	1	2	0	0	4	0	0	0	0	0	1	0	0	0	1	1	2	0	0	1	0	0	0	1	2	1	0	0	0	0	0	0	0	1	0	0	45	3	0
H032_3LTR_SGA21	0	0	0	0	1	0	1	0	0	1	0	0	1	0	0	2	0	0	1	0	0	0	0	0	0	0	0	0	0	0	0	1	1	1	0	2	0	0	0	0	1	0	0	0	2	0	0	0	0	1	0	0	1	1	1	0	0	1	1	2	0	0	4	0	0	0	0	0	1	0	0	0	1	1	2	0	0	1	0	0	0	1	2	1	0	0	0	0	0	0	0	1	0	0	47	3	0
H032_3LTR_SGA22	0	0	0	0	2	0	0	0	0	1	0	0	0	1	0	1	1	0	2	0	1	0	0	1	0	0	0	0	0	0	0	2	2	2	0	2	0	0	0	0	0	0	0	0	1	0	0	0	0	1	0	0	1	0	1	0	0	1	1	2	0	0	4	0	0	0	0	0	2	0	0	0	1	1	0	0	0	1	0	0	0	1	2	1	0	1	0	0	0	0	0	2	0	0	40	4	0
H032_3LTR_SGA23	0	0	0	0	1	0	0	0	0	0	0	0	0	0	0	1	0	0	0	0	0	0	0	0	0	0	0	0	0	0	1	2	2	2	0	1	0	0	0	0	0	0	0	0	1	0	0	0	0	1	0	1	0	0	0	0	0	1	0	2	0	0	3	0	0	0	0	0	2	0	0	0	0	1	0	0	0	1	0	0	0	2	1	2	0	1	0	0	0	0	0	1	0	0	38	2	0
H032_3LTR_SGA3_(reversed)	0	0	0	0	2	0	0	0	0	1	0	0	1	0	0	2	0	0	0	0	0	0	0	0	0	0	0	0	0	0	0	0	1	1	0	3	0	0	0	0	0	0	0	0	2	0	0	0	2	1	0	1	0	1	0	0	0	0	1	3	0	0	3	0	0	0	0	1	1	0	0	0	1	1	2	0	0	1	0	1	0	0	3	1	0	0	0	0	0	0	0	1	1	0	40	2	0
H032_3LTR_SGA4	0	0	0	0	2	0	0	0	0	0	0	0	0	0	0	3	0	0	1	0	0	0	0	0	0	0	0	0	0	0	0	2	1	2	0	1	0	0	0	0	0	0	0	0	2	0	1	0	0	1	0	0	1	0	1	0	0	1	1	2	0	0	3	0	0	0	0	0	2	0	0	0	1	1	4	0	0	1	0	0	0	1	1	1	0	1	0	0	0	0	0	2	0	0	39	2	0
H032_3LTR_SGA5_(reversed)	0	0	0	0	1	0	0	0	0	1	0	0	0	1	0	2	1	0	0	0	1	0	0	0	0	0	0	0	0	0	0	1	2	1	1	2	0	0	0	0	0	0	0	0	1	0	0	0	2	1	0	0	2	0	1	1	0	1	1	2	0	0	4	0	0	0	0	0	2	0	0	0	1	1	0	0	0	1	0	0	0	1	3	2	0	1	0	0	0	0	0	2	0	0	41	2	0
H032_3LTR_SGA6	0	0	0	0	2	0	1	0	0	1	0	0	0	0	0	2	1	0	2	0	0	0	0	0	0	0	0	0	0	0	0	1	1	2	1	2	0	0	0	0	0	0	0	0	0	0	0	0	0	1	0	0	1	0	1	1	0	1	1	2	2	0	4	0	0	0	0	0	1	0	0	0	1	1	2	0	0	1	0	1	0	1	2	1	0	1	0	0	0	0	0	2	0	0	39	2	0
H032_3LTR_SGA9	0	0	0	0	2	0	1	0	0	1	0	0	0	0	0	2	1	0	2	0	0	0	0	0	0	0	0	0	0	0	0	1	1	1	1	2	0	0	0	0	0	0	0	0	1	0	0	0	0	1	0	0	1	0	1	1	0	1	1	2	2	0	4	0	0	0	0	0	1	0	0	0	1	1	2	0	0	1	0	1	0	1	2	1	0	1	0	0	0	0	0	2	0	0	40	2	0
H032_5LTR_SGA10_3-31-23	0	0	0	0	2	0	1	0	0	1	0	0	0	0	0	2	1	0	1	0	0	0	0	0	0	0	0	0	0	0	0	1	1	3	1	2	0	0	0	0	0	0	0	0	1	0	0	0	0	0	0	0	1	0	1	1	0	0	1	2	2	0	4	0	0	0	0	0	1	0	0	0	1	1	2	0	0	1	0	1	0	1	2	1	0	1	0	0	0	0	0	2	0	0	40	2	0
H032_5LTR_SGA11_3-31-23	0	0	0	0	2	0	0	0	0	1	0	0	0	0	0	2	0	0	1	0	0	1	0	1	0	0	0	1	0	0	0	2	1	3	0	2	0	0	0	0	0	0	0	0	1	0	0	0	0	0	0	0	2	0	1	1	0	1	1	2	1	0	4	0	0	0	0	0	2	0	0	0	1	1	0	0	0	1	0	0	0	1	2	0	0	1	0	0	0	0	0	2	0	0	41	4	0
H032_5LTR_SGA12_3-31-23	0	0	0	0	2	0	0	0	0	1	0	0	1	0	0	2	0	0	1	0	0	0	0	0	0	0	0	0	0	0	0	0	1	1	0	2	0	0	0	0	0	0	0	0	2	0	0	0	0	0	0	0	1	1	1	0	0	1	1	2	0	0	3	0	0	0	0	0	1	0	0	0	1	1	2	0	0	1	0	0	0	1	2	1	0	0	0	0	0	0	0	1	0	0	46	3	0
H032_5LTR_SGA13_3-31-23	0	0	0	0	2	0	1	0	0	2	0	0	0	0	0	2	0	0	1	0	0	0	0	0	0	0	0	0	0	0	0	1	1	2	0	2	0	0	0	0	1	0	0	0	2	0	0	0	0	0	0	0	2	1	1	0	0	1	1	2	0	0	4	0	0	0	0	0	2	0	0	0	1	1	2	0	0	1	0	0	0	1	2	1	0	1	0	0	0	0	0	0	0	0	44	4	0
H032_5LTR_SGA14_3-31-23_(reversed)	0	0	0	0	2	0	0	0	0	2	0	0	0	0	0	1	1	0	0	0	0	0	0	1	0	0	0	0	0	0	0	0	1	2	1	1	0	1	0	0	1	0	0	0	0	0	0	0	2	0	0	1	1	0	1	2	0	1	0	2	1	0	4	0	0	0	0	0	2	0	0	0	1	1	0	0	0	1	0	1	0	1	1	1	0	1	0	0	0	0	0	2	0	0	37	1	0
H032_5LTR_SGA15_3-31-23_(reversed)	0	0	0	0	2	0	0	0	0	0	0	0	1	0	0	1	0	0	1	0	0	0	0	0	0	0	0	0	0	0	0	0	1	2	0	2	0	0	0	0	1	0	0	0	2	0	0	0	2	0	0	0	1	1	1	0	0	1	1	2	0	0	4	0	0	0	0	0	1	0	0	0	1	1	2	0	0	1	0	0	0	1	2	1	0	0	0	0	0	0	0	1	0	0	49	2	0
H032_5LTR_SGA16_3-31-23	0	0	0	0	1	0	1	0	0	1	0	0	0	1	0	3	0	0	1	0	1	0	0	0	0	0	0	0	0	0	0	1	1	3	1	1	0	0	0	0	0	0	0	0	2	0	0	0	2	0	0	0	2	0	0	1	0	1	1	2	1	0	4	0	0	0	0	0	1	0	0	0	1	2	0	0	1	1	0	0	0	1	1	1	0	1	0	0	0	0	0	2	0	0	39	1	0
H032_5LTR_SGA17_3-31-23	0	0	0	0	2	0	1	0	0	1	0	0	0	0	0	2	1	0	1	0	0	0	0	0	0	0	0	0	0	0	0	1	1	3	1	2	0	0	0	0	0	0	0	0	1	0	0	0	0	0	0	0	1	0	1	1	0	0	1	2	2	0	4	0	0	0	0	0	1	0	0	0	1	1	2	0	0	1	0	1	0	1	2	1	0	1	0	0	0	0	0	2	0	0	41	2	0
H032_5LTR_SGA18_3-31-23_(reversed)	0	0	0	0	1	0	0	0	0	0	0	0	0	1	0	2	0	0	0	0	1	0	0	0	0	0	0	0	0	0	0	1	1	3	1	1	0	0	0	0	0	0	0	0	2	0	0	0	2	0	0	0	1	0	1	1	0	1	1	2	0	0	4	0	0	0	0	0	2	0	0	0	1	2	0	0	1	1	0	0	0	1	1	1	0	1	0	0	0	0	0	2	0	0	40	1	0
H032_5LTR_SGA19_3-31-23_(reversed)	0	0	0	0	2	0	0	0	0	1	0	0	0	0	0	3	1	0	0	0	0	0	0	1	0	0	0	0	0	0	0	0	1	3	1	0	0	0	0	0	0	0	0	0	3	0	0	0	2	0	0	1	1	0	1	2	0	0	1	2	2	0	4	0	0	0	0	0	1	0	0	0	1	1	1	0	0	1	0	1	0	1	1	1	0	1	0	0	0	0	0	1	0	0	40	1	0
H032_5LTR_SGA1_3-31-23	0	0	0	0	1	0	0	0	0	1	0	0	0	0	0	2	0	0	1	0	0	0	0	0	0	0	0	0	0	0	0	1	1	4	1	2	0	0	0	0	0	0	0	0	2	0	0	0	2	0	0	0	1	0	1	1	0	0	1	2	0	0	4	0	0	0	0	0	2	0	0	0	1	1	1	0	0	1	0	0	0	1	2	1	0	1	0	0	0	0	0	2	0	0	43	2	0
H032_5LTR_SGA1_3-6-23_(reversed)	0	0	0	0	1	0	0	0	0	1	0	0	0	0	0	2	1	0	2	0	0	0	0	0	0	0	0	0	0	0	0	1	1	2	1	3	0	0	0	0	0	0	0	0	0	0	0	0	0	0	0	1	0	0	1	3	0	0	1	2	2	0	3	0	0	0	0	0	0	0	0	0	1	1	2	0	0	1	0	0	0	1	2	1	0	0	0	0	0	0	0	2	0	0	34	2	0
H032_5LTR_SGA20_3-31-23	0	0	0	0	3	0	0	0	0	0	0	0	0	0	0	1	0	0	0	0	0	0	0	2	0	0	0	0	0	0	0	0	1	3	0	0	0	0	0	0	0	0	0	0	1	0	0	0	2	0	0	1	1	0	1	2	0	1	1	2	3	0	4	0	0	0	0	0	1	0	0	0	0	2	0	0	0	1	0	1	0	1	1	1	0	0	0	0	0	0	0	2	0	0	40	1	0
H032_5LTR_SGA21_3-31-23	0	0	0	0	2	0	1	0	0	1	0	0	0	0	0	2	1	0	2	0	0	0	0	0	0	0	0	0	0	0	0	1	1	3	1	2	0	0	0	0	0	0	0	0	1	1	0	0	0	0	0	0	1	0	1	1	1	1	1	2	2	0	4	0	0	0	0	0	1	0	0	0	1	1	2	0	0	1	0	1	0	1	2	1	0	1	0	0	0	0	0	2	0	0	40	2	0
H032_5LTR_SGA22_3-31-23	0	0	0	0	2	0	1	0	0	1	0	0	0	0	0	2	1	0	2	0	0	0	1	0	0	0	0	0	0	0	0	1	1	3	1	2	0	0	0	0	0	0	0	0	1	0	0	0	0	0	0	0	2	0	1	1	0	0	1	3	1	0	4	0	0	0	0	0	1	0	0	0	1	1	2	0	0	1	0	1	0	1	2	1	0	1	0	0	0	0	0	2	0	0	40	2	0
H032_5LTR_SGA2_3-31-23	0	0	0	0	2	0	1	0	0	1	0	0	0	0	0	2	1	0	2	0	0	0	0	0	0	0	0	0	0	0	0	1	1	3	1	2	0	0	0	0	0	0	0	0	1	0	0	0	0	0	0	0	1	0	1	1	0	1	1	2	2	0	4	0	0	0	0	0	1	0	0	0	1	0	0	0	0	1	0	1	0	1	2	1	0	1	0	0	0	0	0	2	0	0	41	2	0
H032_5LTR_SGA2_3-6-23_(reversed)	0	0	0	0	2	0	1	0	0	2	0	0	0	0	0	2	1	0	1	0	0	0	0	0	0	0	0	0	0	0	0	1	0	2	1	1	0	0	0	0	1	0	0	0	1	0	0	0	0	0	0	0	1	0	0	1	0	1	1	2	2	0	4	0	0	0	0	0	1	0	0	0	1	1	0	0	1	1	0	0	0	1	2	1	0	1	0	0	0	0	0	2	0	0	39	1	0
H032_5LTR_SGA3_3-31-23	0	0	0	0	1	0	0	0	0	1	0	0	0	0	0	2	0	0	2	0	0	0	0	0	0	0	0	0	0	0	0	3	0	2	1	2	0	0	0	0	1	0	0	0	2	0	0	0	0	0	0	0	2	1	0	1	0	1	1	2	0	0	4	0	0	0	0	0	2	0	0	0	1	1	2	0	1	1	0	0	0	2	2	1	0	1	0	0	0	0	0	2	0	0	41	3	0
H032_5LTR_SGA5_3-31-23	0	0	0	0	1	0	0	0	0	1	0	0	0	0	0	2	0	0	1	0	0	0	0	0	0	0	0	0	0	0	0	0	1	2	0	2	0	0	0	0	1	0	0	0	2	0	0	0	2	0	0	0	1	1	1	0	0	1	1	2	0	0	4	0	0	0	0	0	1	0	0	0	1	1	2	0	0	1	0	0	0	1	2	1	0	0	0	0	0	0	0	1	0	0	48	3	0
H032_5LTR_SGA5_3-31-23_(reversed)	0	0	0	0	2	0	1	0	0	1	0	0	0	0	0	2	1	0	1	0	0	0	0	0	0	0	0	0	0	0	0	1	1	3	1	2	0	0	0	0	0	0	0	0	1	0	0	0	0	0	0	0	1	0	1	1	0	0	1	2	2	0	4	0	0	0	0	0	1	0	0	0	1	1	2	0	0	1	0	1	0	1	2	1	0	1	0	0	0	0	0	2	0	0	41	2	0
H032_5LTR_SGA7_3-31-23_(reversed)	0	0	0	0	2	0	1	0	0	1	0	0	0	0	0	2	1	0	1	0	0	0	0	0	0	0	0	0	0	0	0	1	1	3	1	2	0	0	0	0	0	0	0	0	1	0	0	0	0	0	0	0	1	0	1	1	0	0	1	2	2	0	4	0	0	0	0	0	1	0	0	0	1	1	2	0	0	1	0	1	0	1	2	1	0	1	0	0	0	0	0	2	0	0	41	2	0
H032_5LTR_SGA8_3-31-23_(reversed)	0	0	0	0	2	0	0	0	0	0	0	0	0	0	0	2	0	0	1	0	0	0	0	0	0	0	0	0	0	0	0	0	2	1	0	2	0	0	0	0	1	0	0	0	2	0	0	0	2	0	0	0	0	1	1	0	0	1	1	2	0	0	3	0	0	0	0	0	1	0	0	0	1	1	2	0	0	1	0	0	0	1	2	1	0	0	0	0	0	0	0	1	0	0	43	3	0
H032_5LTR_SGA9_3-31-23_(reversed)	0	0	0	0	2	0	1	0	0	0	0	0	0	0	0	1	0	0	3	0	0	0	0	0	0	0	0	0	0	0	0	1	1	3	1	2	0	0	0	0	0	0	0	0	1	0	0	0	0	0	0	0	2	0	1	1	0	1	1	2	2	0	4	0	0	1	0	0	1	0	0	0	1	1	0	0	0	1	0	1	0	1	2	1	0	1	0	0	0	0	0	2	0	0	39	2	0
H032_nee	0	0	0	0	1	0	0	0	0	1	0	0	0	0	0	3	0	0	2	0	1	0	0	0	0	0	0	0	0	0	0	1	2	4	1	5	1	0	0	0	2	0	0	0	3	0	0	0	2	0	0	0	2	0	0	2	0	2	2	3	1	0	4	1	0	0	0	1	3	0	0	0	3	1	1	0	2	1	0	1	0	2	3	1	0	1	0	0	0	0	0	2	0	0	68	2	0
H052_3LTR_SGA1	0	0	0	0	0	0	0	0	0	1	0	0	0	0	0	5	0	0	1	0	0	0	0	0	0	0	0	0	0	0	1	0	0	2	0	2	0	0	0	0	1	0	0	1	1	0	0	1	2	1	0	0	1	0	0	0	0	0	0	1	0	0	2	0	0	0	0	0	1	0	0	1	0	1	1	0	0	0	0	0	0	2	1	1	0	1	0	0	0	0	0	3	0	0	43	2	0
H052_3LTR_SGA10_(reversed)	0	0	0	0	0	0	0	0	0	1	0	0	0	0	0	5	0	0	1	0	0	0	0	0	0	0	0	0	0	0	1	0	0	2	0	1	0	0	0	0	1	0	0	1	1	0	0	1	2	1	0	0	1	0	0	0	0	0	0	1	0	0	2	0	0	0	0	0	1	0	0	1	0	1	1	0	0	0	0	0	0	0	1	1	0	1	0	0	0	0	0	3	0	1	42	2	0
H052_3LTR_SGA11_(reversed)	0	0	0	0	0	0	0	0	0	2	0	0	0	0	0	3	0	0	0	0	0	1	0	0	0	0	0	0	0	0	1	0	0	2	0	2	0	0	0	0	1	0	0	1	1	0	0	0	2	1	0	0	1	0	1	0	0	0	0	1	0	0	4	0	0	0	0	0	0	0	0	1	0	1	1	0	0	0	0	0	0	1	2	1	0	1	0	0	0	0	0	3	0	0	41	2	0
H052_3LTR_SGA12	0	0	0	0	0	0	0	0	0	0	0	0	0	0	0	6	0	0	0	0	0	1	0	0	0	0	0	0	0	0	2	0	0	2	0	1	0	0	0	0	0	0	0	1	1	0	0	1	0	1	0	0	1	0	0	0	0	0	0	1	0	0	4	0	0	0	0	0	2	0	0	0	0	1	1	0	0	0	0	0	0	2	2	1	0	1	0	0	0	0	0	2	0	0	44	2	0
H052_3LTR_SGA13_(reversed)	0	0	0	0	1	0	0	0	0	1	0	0	0	0	0	2	0	0	0	0	0	1	0	0	0	0	0	0	0	0	1	0	0	3	0	2	0	0	0	0	0	0	0	1	1	0	0	0	2	1	0	0	1	0	1	0	0	0	0	1	0	0	5	0	0	0	0	0	1	0	0	0	0	1	1	0	0	0	0	0	0	1	2	1	0	1	0	0	0	0	0	3	0	0	39	1	0
H052_3LTR_SGA14	0	0	0	0	0	0	0	0	0	2	0	0	0	0	0	3	0	0	0	0	0	1	0	0	0	0	0	0	0	0	1	1	0	2	0	2	0	0	0	0	0	0	0	1	1	0	0	1	2	1	0	0	1	0	1	0	0	0	0	1	0	0	5	0	0	0	0	0	0	0	0	0	0	1	1	0	0	0	0	0	0	1	2	1	0	0	0	0	0	0	0	3	0	0	37	2	0
H052_3LTR_SGA15_(reversed)	0	0	0	0	0	0	0	0	0	0	0	0	0	0	0	4	0	0	1	1	0	0	0	0	0	0	0	0	0	0	1	0	1	2	0	2	0	0	0	0	1	0	0	0	1	0	0	1	2	1	0	0	1	0	1	0	0	0	0	1	0	0	3	0	0	0	0	0	1	0	0	0	0	1	1	0	0	0	0	0	0	1	1	1	0	1	0	0	0	0	0	2	0	0	41	2	0
H052_3LTR_SGA17_(reversed)	0	0	0	0	1	0	0	0	0	1	0	0	0	0	0	2	0	0	1	0	0	0	0	0	0	0	0	0	0	0	0	0	0	1	0	3	0	0	0	1	1	0	0	1	1	0	0	1	2	1	0	0	1	0	0	0	0	0	0	1	0	0	3	0	0	0	0	0	1	0	0	1	0	1	1	1	0	0	0	0	0	2	2	1	0	1	0	0	0	0	0	2	0	0	40	1	0
H052_3LTR_SGA18	0	0	0	0	0	0	0	0	0	1	0	0	0	0	0	5	0	0	1	0	0	0	0	0	0	0	0	0	0	0	1	0	0	2	0	2	0	0	0	0	0	0	0	1	1	0	0	1	2	1	0	0	1	0	0	0	0	0	0	1	0	0	2	0	0	0	0	0	1	0	0	1	0	1	0	0	0	0	0	0	0	1	1	1	0	1	0	0	0	0	0	3	0	0	43	2	0
H052_3LTR_SGA19_(reversed)	0	0	0	0	1	0	0	0	0	1	0	0	0	0	0	2	0	0	0	0	0	0	0	0	0	0	0	0	0	0	0	1	0	2	0	2	0	0	0	0	1	0	0	1	2	0	0	0	0	1	0	0	1	0	1	1	0	1	0	2	0	0	5	0	0	0	0	0	0	0	0	0	0	1	1	0	0	0	2	0	0	1	1	1	0	1	0	0	0	0	0	2	0	0	43	1	0
H052_3LTR_SGA21	0	0	0	0	0	0	0	0	0	0	0	0	0	0	0	4	0	0	2	1	0	0	0	0	0	0	0	0	0	0	0	0	0	2	0	2	0	0	0	0	0	0	0	0	1	0	0	0	2	1	0	0	1	0	0	0	0	0	0	2	0	0	3	0	0	0	1	0	2	0	0	0	0	1	1	0	0	0	0	0	0	0	1	0	0	0	0	0	0	0	0	3	0	0	37	2	0
H052_3LTR_SGA22_(reversed)	0	0	0	0	0	0	0	0	0	0	0	0	0	0	0	4	0	0	1	1	0	0	0	0	0	0	0	0	0	0	1	0	0	2	0	2	0	0	0	0	1	0	0	0	1	0	0	1	0	1	0	0	1	0	1	0	0	0	0	1	0	0	3	0	0	0	0	0	0	0	0	0	0	1	1	0	0	0	0	0	0	1	1	1	0	1	0	0	0	0	0	2	0	0	44	2	0
H052_3LTR_SGA2_(reversed)	0	0	0	0	0	0	0	0	0	1	0	0	0	0	0	5	0	0	1	0	0	0	0	0	0	0	0	0	0	0	1	0	0	2	0	2	0	0	0	0	0	0	0	1	1	0	0	1	2	1	0	0	1	0	0	0	0	0	0	1	0	0	3	0	0	0	0	0	1	0	0	1	0	1	1	0	0	0	0	0	0	1	1	1	0	1	0	0	0	0	0	4	0	0	41	2	0
H052_3LTR_SGA3_(reversed)	0	0	0	0	0	0	0	0	0	0	0	0	0	0	0	5	0	0	1	0	0	0	0	0	0	0	0	0	0	0	1	0	0	2	0	2	0	0	0	0	1	0	0	1	1	0	0	1	2	1	0	0	1	0	0	0	0	0	0	1	0	0	2	0	0	0	0	0	1	0	0	1	0	1	1	0	0	0	0	0	0	1	1	1	0	1	0	0	0	0	0	4	0	0	38	3	0
H052_3LTR_SGA6	0	0	0	0	0	0	0	0	0	1	0	0	0	0	0	5	0	0	1	0	0	0	0	0	0	0	0	0	0	0	1	0	0	3	0	1	0	0	0	0	0	0	0	1	1	0	0	1	2	1	0	0	1	0	0	0	0	0	0	1	1	0	3	0	0	0	0	0	1	0	0	1	0	1	1	0	0	0	0	0	0	2	1	1	0	1	0	0	0	0	0	2	0	0	45	1	0
H052_3LTR_SGA7_(reversed)	0	0	0	0	0	0	0	0	0	1	0	0	0	0	0	4	0	0	1	0	0	0	0	0	0	0	0	0	0	0	1	0	0	3	0	2	0	0	0	0	0	0	0	1	1	0	0	1	0	1	0	0	1	0	0	0	0	0	0	1	1	0	3	0	0	0	0	0	0	0	0	1	0	1	1	0	0	0	0	0	0	1	1	1	0	1	0	0	0	0	0	3	0	0	42	2	0
H052_3LTR_SGA8	0	0	0	0	0	0	0	0	0	1	0	0	0	0	0	5	0	0	1	0	0	0	0	0	0	0	0	0	0	0	1	0	0	2	0	2	0	0	0	0	1	0	0	1	1	0	0	1	2	1	0	0	1	0	0	0	0	0	0	1	0	0	2	0	0	0	0	0	1	0	0	1	0	1	1	0	0	0	0	0	0	1	1	1	0	1	0	0	0	0	0	4	0	0	41	2	0
H052_3LTR_SGA9_(reversed)	0	0	0	0	0	0	0	0	0	1	0	0	0	0	0	5	0	0	1	0	0	0	0	0	0	0	0	0	0	0	1	0	0	2	0	2	0	0	0	0	0	0	0	1	1	0	0	1	0	1	0	0	1	0	0	0	0	0	0	1	0	0	2	0	0	0	0	0	0	0	0	1	0	1	1	0	0	0	0	0	0	1	1	1	0	1	0	0	0	0	0	2	0	0	41	2	0
H052_5LTR_SGA1	0	0	0	0	1	0	0	0	0	2	0	0	0	0	0	2	0	0	0	0	0	1	0	0	0	0	0	0	0	0	1	1	0	2	0	2	0	0	0	0	1	0	0	1	1	0	0	1	2	0	0	0	1	0	1	0	0	0	0	1	0	0	6	0	0	0	0	0	1	0	0	1	0	1	1	0	0	0	0	0	0	1	2	1	0	1	0	0	0	0	0	3	1	0	38	1	0
H052_5LTR_SGA11	0	0	0	0	0	0	0	0	0	1	0	0	0	0	0	4	1	0	0	0	0	1	0	0	0	0	0	0	0	0	1	2	0	2	0	2	0	0	0	0	0	0	0	1	1	0	0	0	0	0	0	0	2	0	0	0	0	0	0	1	0	0	4	0	0	0	0	0	0	0	0	0	0	1	1	0	0	0	2	0	0	2	1	1	0	0	0	0	0	0	0	2	0	0	43	2	0
H052_5LTR_SGA12_(reversed)	0	0	0	0	1	0	0	0	0	1	0	0	0	0	0	2	0	0	0	0	0	0	0	0	0	0	0	0	0	0	0	0	0	2	0	2	0	0	0	0	1	0	0	1	1	0	0	1	2	0	0	0	1	0	0	0	0	0	0	1	0	0	5	0	0	0	0	0	0	0	0	0	0	1	1	0	0	0	0	0	0	2	1	1	0	1	0	0	0	0	0	2	0	0	45	1	0
H052_5LTR_SGA13_(reversed)	0	0	0	0	0	0	0	0	0	0	0	0	0	0	0	4	0	0	1	1	0	0	0	0	0	0	0	0	0	0	1	0	0	2	0	2	0	0	0	0	1	0	0	0	1	0	0	1	2	0	0	0	1	0	1	0	0	0	0	1	0	0	3	0	0	0	0	0	1	0	0	0	0	1	1	0	0	0	0	0	0	1	1	1	0	1	0	0	0	0	0	2	0	0	43	2	0
H052_5LTR_SGA14_(reversed)	0	0	0	0	0	0	0	0	0	1	0	0	0	0	0	4	0	0	1	0	0	0	0	0	0	0	0	0	0	0	1	0	0	3	0	2	0	0	0	0	0	0	0	1	1	0	0	1	2	0	0	0	1	0	0	0	0	0	0	1	1	0	3	0	0	0	0	0	0	0	0	1	0	1	1	0	0	0	0	0	0	1	1	1	0	0	0	0	0	0	0	3	0	0	41	2	0
H052_5LTR_SGA15_(reversed)	0	0	0	0	0	0	0	0	0	2	0	0	0	0	0	3	1	0	0	0	0	1	0	0	0	0	0	0	0	0	1	0	1	2	0	2	0	0	0	0	1	0	0	1	1	0	0	1	2	0	0	0	1	0	1	0	0	0	0	1	0	0	5	0	0	0	0	0	1	0	0	1	0	1	1	0	0	0	0	0	0	1	1	1	0	1	0	0	0	0	0	3	0	0	43	1	0
H052_5LTR_SGA16_(reversed)	0	0	0	0	1	0	0	0	0	2	0	0	0	0	0	2	0	0	0	0	0	1	0	0	0	0	0	0	0	0	1	0	0	3	0	2	0	0	0	0	1	0	0	2	1	0	0	1	2	0	0	0	1	0	0	0	0	0	0	1	0	0	4	0	0	0	0	0	1	0	0	1	0	1	1	0	0	0	0	0	0	2	2	1	0	1	0	0	0	0	0	2	0	0	46	1	0
H052_5LTR_SGA17	0	0	0	0	0	0	0	0	0	1	0	0	0	0	0	4	0	0	1	0	0	0	0	0	0	0	0	0	0	0	0	0	0	2	0	2	0	0	0	0	0	0	0	1	1	0	0	1	2	0	0	0	1	0	0	0	0	0	0	1	0	0	1	0	0	0	0	0	1	0	0	1	0	1	1	0	0	0	0	0	0	2	1	1	0	0	0	0	0	0	0	4	0	0	42	3	0
H052_5LTR_SGA18_(reversed)	0	0	0	0	0	0	0	0	0	2	0	0	0	0	0	4	0	0	0	0	0	1	0	0	0	0	0	0	0	0	1	1	0	1	0	1	0	0	0	0	1	0	0	0	1	0	0	1	2	0	0	0	1	0	0	0	0	0	0	1	0	0	3	0	0	0	0	0	1	0	0	1	0	1	1	0	0	0	0	0	0	2	2	1	0	1	0	0	0	0	0	3	0	0	44	2	0
H052_5LTR_SGA19_(reversed)	0	0	0	0	1	0	0	0	0	1	0	0	0	0	0	2	0	0	0	0	0	0	0	0	0	0	0	0	0	0	1	0	1	2	0	2	0	0	0	0	1	0	0	0	1	0	0	0	2	0	0	0	1	0	1	0	0	0	0	1	0	0	5	0	0	0	0	0	1	0	0	0	0	1	1	0	0	0	0	0	0	1	0	1	0	1	0	0	0	0	0	2	0	0	41	1	0
H052_5LTR_SGA2	0	0	0	0	1	0	0	0	0	1	0	0	0	0	0	3	0	0	0	0	0	1	0	0	0	0	0	0	0	0	1	0	0	3	0	1	0	0	0	0	1	0	0	0	1	0	0	0	0	0	0	0	1	0	1	0	0	0	0	1	0	0	3	0	0	0	0	0	0	0	0	0	0	1	1	0	0	0	0	0	0	1	2	1	0	1	0	0	0	0	0	1	0	0	45	1	0
H052_5LTR_SGA20	0	0	0	0	0	0	0	0	0	0	0	0	0	0	0	5	0	0	1	0	0	0	0	0	0	0	0	0	0	0	1	0	0	2	0	2	0	0	0	0	1	0	0	0	1	0	0	1	0	0	0	0	2	0	0	0	0	0	0	1	0	0	3	0	0	0	0	0	1	0	0	0	0	1	1	0	0	0	0	0	0	2	1	1	0	1	0	0	0	0	0	4	0	0	42	2	0
H052_5LTR_SGA21_(reversed)	0	0	0	0	1	0	0	0	0	1	0	0	0	0	0	2	1	0	0	0	0	0	0	0	0	0	0	0	0	0	1	0	0	3	0	2	0	0	0	0	1	0	0	1	1	0	0	1	2	0	0	0	1	0	1	0	0	0	0	1	0	0	4	0	0	0	0	0	1	0	0	0	0	1	1	0	0	0	0	0	0	1	1	1	0	0	0	0	0	0	0	2	0	0	43	1	0
H052_5LTR_SGA22	0	0	0	0	0	0	0	0	0	1	0	0	0	0	0	5	0	0	1	0	0	0	0	0	0	0	0	0	0	0	1	0	0	2	0	2	0	0	0	0	0	0	0	1	1	0	0	1	2	0	0	0	1	0	0	0	0	0	0	1	0	0	3	0	0	0	0	0	1	0	0	1	0	1	1	0	0	0	0	0	0	1	1	1	0	1	0	0	0	0	0	4	0	0	39	2	0
H052_5LTR_SGA3_(reversed)	0	0	0	0	0	0	0	0	0	1	0	0	0	0	0	3	0	0	0	0	0	1	0	0	0	0	0	0	0	0	1	1	0	1	0	2	0	0	0	0	0	0	0	1	1	0	0	0	2	0	0	0	1	0	0	0	0	0	0	1	0	0	3	0	0	0	0	0	1	0	0	0	0	1	1	0	0	0	2	0	0	2	1	1	0	1	0	0	0	0	0	3	0	0	42	2	0
H052_5LTR_SGA4	0	0	0	0	1	0	0	0	0	2	0	0	0	0	0	2	0	0	0	0	0	1	0	0	0	0	0	0	0	0	1	1	0	2	0	2	0	0	0	0	1	0	0	1	1	0	0	1	2	0	0	0	1	0	1	0	0	0	0	1	0	0	6	0	0	0	0	0	1	0	0	1	0	1	1	0	0	0	0	0	0	1	2	1	0	1	0	0	0	0	0	3	1	0	38	1	0
H052_5LTR_SGA5_(reversed)	0	0	0	0	0	0	0	0	0	1	0	0	0	0	0	5	0	0	1	0	0	0	0	0	0	0	0	0	0	0	0	0	0	2	0	2	0	0	0	0	0	0	0	1	1	0	0	1	2	0	0	0	2	0	0	0	0	0	0	1	0	0	1	0	0	0	0	0	1	0	0	1	0	1	1	0	0	0	0	0	0	2	1	1	0	0	0	0	0	0	0	4	0	0	42	3	0
H052_5LTR_SGA6	0	0	0	0	0	0	0	0	0	0	0	0	0	0	0	5	0	0	1	1	0	0	0	0	0	0	0	0	0	0	1	0	0	2	0	2	0	0	0	0	1	0	0	0	1	0	0	1	2	0	0	0	2	0	1	0	0	0	0	1	0	0	2	0	0	0	0	0	1	0	0	0	0	1	1	0	0	0	0	0	0	1	1	1	0	1	0	0	0	0	0	2	0	0	44	2	0
H052_5LTR_SGA7_(reversed)	0	0	0	0	1	0	0	0	0	1	0	0	0	0	0	3	0	0	0	0	0	0	0	0	0	0	0	0	0	0	1	1	0	3	0	2	0	0	0	0	0	0	0	1	1	0	0	1	2	0	0	0	2	0	1	0	0	0	0	2	0	0	4	0	0	0	0	0	1	0	0	1	0	1	1	0	0	0	0	1	0	1	2	1	0	1	0	0	0	0	0	2	0	0	39	1	0
H052_5LTR_SGA8	0	0	0	0	0	0	0	0	0	1	0	0	0	0	0	5	0	0	1	0	0	0	0	0	0	0	0	0	0	0	0	0	0	2	0	2	0	0	0	0	0	0	0	1	1	0	0	1	2	0	0	0	2	0	0	0	0	0	0	1	0	0	1	0	0	0	0	0	1	0	0	1	0	1	1	0	0	0	0	0	0	2	1	1	0	0	0	0	0	0	0	4	0	0	42	3	0
H052_5LTR_SGA9_(reversed)	0	0	0	0	0	0	0	0	0	1	0	0	0	0	0	5	0	0	1	0	0	0	0	0	0	0	0	0	0	0	0	0	0	2	0	2	0	0	0	0	0	0	0	1	1	0	0	1	2	0	0	0	2	0	0	0	0	0	0	1	0	0	1	0	0	0	0	0	1	0	0	1	0	1	1	0	0	0	0	0	0	2	1	1	0	0	0	0	0	0	0	4	0	0	42	3	0
H061_3LTR_SGA12_4-24-23_(reversed)	0	0	0	0	0	0	0	0	0	0	0	0	0	0	0	2	0	0	2	0	0	0	0	0	0	0	0	0	0	0	0	0	1	2	1	1	0	0	0	0	0	0	0	0	2	0	0	0	0	1	0	0	1	0	0	1	0	1	0	2	0	0	2	0	0	0	0	0	2	0	0	0	0	1	0	0	0	1	0	0	0	2	1	1	0	1	0	0	0	0	0	2	0	1	45	1	0
H061_3LTR_SGA14_7-24-23	0	0	0	0	0	0	0	0	0	0	0	0	0	0	0	2	0	0	2	0	0	0	0	0	0	0	0	0	0	0	0	0	1	2	1	1	0	0	0	0	0	0	0	0	2	0	0	0	0	1	0	0	1	0	0	1	0	1	0	2	0	0	2	0	0	0	0	0	2	0	0	0	0	1	0	0	0	1	0	0	0	2	1	1	0	1	0	0	0	0	0	2	0	1	45	1	0
H061_3LTR_SGA15_7-24-23_(reversed)	0	0	0	0	0	0	0	0	0	0	0	0	0	0	0	2	0	0	2	0	0	0	0	0	0	0	0	0	0	0	0	0	1	2	1	1	0	0	0	0	0	0	0	0	2	0	0	0	0	1	0	0	1	0	0	1	0	1	0	2	0	0	2	0	0	0	0	0	2	0	0	0	0	1	0	0	0	1	0	0	0	2	1	1	0	1	0	0	0	0	0	2	0	1	45	1	0
H061_3LTR_SGA16_7-24-23_(reversed)	0	0	0	0	0	0	0	0	0	0	0	0	0	0	0	2	0	0	2	0	0	0	0	0	0	0	0	0	0	0	0	0	1	2	1	1	0	0	0	0	0	0	0	0	2	0	0	0	0	1	0	0	1	0	0	1	0	1	0	2	0	0	2	0	0	0	0	0	2	0	0	0	0	1	0	0	0	1	0	0	0	2	1	1	0	1	0	0	0	0	0	2	0	1	45	1	0
H061_3LTR_SGA17_7-24-23_(reversed)	0	0	0	0	0	0	0	0	0	0	0	0	0	0	0	2	0	0	2	0	0	0	0	0	0	0	0	0	0	0	0	0	1	2	1	1	0	0	0	0	0	0	0	0	2	0	0	0	0	1	0	0	1	0	0	1	0	1	0	2	0	0	2	0	0	0	0	0	2	0	0	0	0	1	0	0	0	1	0	0	0	2	1	1	0	1	0	0	0	0	0	2	0	1	45	1	0
H061_3LTR_SGA18_7-24-23_(reversed)	0	0	0	0	0	0	0	0	0	0	0	0	0	0	0	2	0	0	2	0	0	0	0	0	0	0	0	0	0	0	0	0	1	2	1	1	0	0	0	0	0	0	0	0	2	0	0	0	0	1	0	0	1	0	0	1	0	1	0	2	0	0	2	0	0	0	0	0	2	0	0	0	0	1	0	0	0	1	0	0	0	2	1	1	0	1	0	0	0	0	0	2	0	1	45	1	0
H061_3LTR_SGA1_4-24-23_(reversed)	0	0	0	0	0	0	0	0	0	0	0	0	0	0	0	2	0	0	2	0	0	0	0	0	0	0	0	0	0	0	0	0	1	2	1	1	0	0	0	0	0	0	0	0	2	0	0	0	0	1	0	0	1	0	0	1	0	1	0	2	0	0	2	0	0	0	0	0	2	0	0	0	0	1	0	0	0	1	0	0	0	2	1	1	0	1	0	0	0	0	0	2	0	1	45	1	0
H061_3LTR_SGA21_7-24-23_(reversed)	0	0	0	0	2	0	0	0	0	0	0	0	0	0	0	1	0	0	2	0	0	0	0	0	0	0	0	0	0	0	0	0	0	2	1	1	0	0	0	0	0	0	0	0	2	0	0	0	0	1	0	0	1	0	0	1	0	1	1	2	0	0	3	0	0	0	0	0	2	0	0	0	0	1	0	0	0	1	0	0	0	2	1	1	0	1	0	0	1	0	0	2	0	0	42	2	0
H061_3LTR_SGA22_7-24-23_(reversed)	0	0	0	0	0	0	0	0	0	0	0	0	0	0	0	2	0	0	2	0	0	0	0	0	0	0	0	0	0	0	0	0	1	2	1	1	0	0	0	0	0	0	0	0	2	0	0	0	0	1	0	0	1	0	0	1	0	1	0	2	0	0	2	0	0	0	0	0	2	0	0	0	0	1	0	0	0	1	0	0	0	2	1	1	0	1	0	0	0	0	0	2	0	1	45	1	0
H061_3LTR_SGA2_4-24-23_(reversed)	0	0	0	0	0	0	0	0	0	0	0	0	0	0	0	3	0	0	2	0	0	0	0	0	0	0	0	0	0	0	0	0	1	2	1	0	0	0	0	0	0	0	0	0	2	0	0	0	0	1	0	0	1	0	0	1	0	1	0	2	0	0	2	0	0	0	0	0	2	0	0	0	0	1	0	0	0	1	0	0	0	2	1	1	0	1	0	0	0	0	0	2	0	1	45	1	0
H061_3LTR_SGA3_4-24-23_(reversed)	0	0	0	0	0	0	0	0	0	0	0	0	0	0	0	2	0	0	2	0	0	0	0	0	0	0	0	0	0	0	0	0	1	2	1	1	0	0	0	0	0	0	0	0	2	0	0	0	0	1	0	0	1	0	0	1	0	1	0	2	0	0	2	0	0	0	0	0	2	0	0	0	0	1	0	0	0	1	0	0	0	2	1	1	0	1	0	0	0	0	0	2	0	1	45	1	0
H061_3LTR_SGA5_4-24-23_(reversed)	0	0	0	0	0	0	0	0	0	0	0	0	0	0	0	2	0	0	2	0	0	0	0	0	0	0	0	0	0	0	0	0	1	2	1	1	0	0	0	0	0	0	0	0	2	0	0	0	0	1	0	0	1	0	0	1	0	1	0	2	0	0	2	0	0	0	0	0	2	0	0	0	0	1	0	0	0	1	0	0	0	2	1	1	0	1	0	0	0	0	0	2	0	1	45	1	0
H061_3LTR_SGA7_4-24-23_(reversed)	0	0	0	0	0	0	0	0	0	0	0	0	0	0	0	2	0	0	2	0	0	0	0	0	0	0	0	0	0	0	0	0	1	2	1	1	0	0	0	0	0	0	0	0	2	0	0	0	0	1	0	0	1	0	0	1	0	1	0	2	0	0	2	0	0	0	0	0	2	0	0	0	0	1	0	0	0	1	0	0	0	2	1	1	0	1	0	0	0	0	0	2	0	1	45	1	0
H061_3LTR_SGA8_4-24-23_(reversed)	0	0	0	0	0	0	0	0	0	0	0	0	0	0	0	2	0	0	2	0	0	0	0	0	0	0	0	0	0	0	0	0	1	2	1	1	0	0	0	0	0	0	0	0	2	0	0	0	0	1	0	0	1	0	0	1	0	1	0	2	0	0	2	0	0	0	0	0	2	0	0	0	0	1	0	0	0	1	0	0	0	2	1	1	0	1	0	0	0	0	0	2	0	1	45	1	0
H061_5LTR_SGA1	0	0	0	0	2	0	0	0	0	1	0	0	0	0	0	3	0	0	2	0	0	0	0	0	0	0	0	0	0	0	0	0	1	3	1	1	0	0	0	0	0	0	0	0	2	0	0	0	0	0	0	0	1	0	0	1	0	1	1	2	0	0	3	0	0	0	0	0	2	0	0	0	0	1	0	0	0	1	0	0	0	2	0	1	0	1	0	0	0	0	0	2	0	0	41	1	0
H061_5LTR_SGA10_7-24-23	0	0	0	0	2	0	0	0	0	1	0	0	0	0	0	2	0	0	1	0	0	0	0	0	0	1	0	0	0	0	0	0	0	3	1	1	0	0	0	0	0	0	0	0	2	0	0	0	0	0	0	0	1	0	0	2	0	0	0	2	0	0	3	0	0	0	0	0	2	0	0	0	0	1	0	0	0	1	0	0	0	2	1	1	0	1	0	0	0	0	0	2	0	0	41	1	0
H061_5LTR_SGA11_7-24-23	0	0	0	0	1	0	0	0	0	0	0	0	0	0	0	2	0	0	1	0	0	0	0	0	0	0	0	0	0	0	0	0	0	3	1	1	0	0	0	0	0	0	0	0	2	0	0	0	0	0	0	0	1	0	1	2	0	1	0	2	0	0	3	0	0	0	0	0	2	0	0	0	0	1	1	0	0	1	0	0	0	0	1	1	0	1	0	0	0	0	0	2	0	0	46	1	0
H061_5LTR_SGA15_7-24-23	0	0	0	0	3	0	0	0	0	1	0	0	0	0	0	2	0	0	3	0	0	0	0	0	0	0	0	0	0	0	0	0	0	3	1	1	0	0	0	0	0	0	0	0	2	0	0	0	0	0	0	0	3	0	0	1	0	0	0	2	0	0	3	0	0	0	1	0	2	0	0	0	0	1	0	1	0	1	0	0	0	2	1	1	0	1	0	0	0	0	0	4	0	0	45	1	0
H061_5LTR_SGA16_7-24-23	0	0	0	0	1	0	0	0	0	0	0	0	0	0	0	2	0	0	3	0	0	0	0	0	0	0	0	0	0	0	0	0	0	3	1	1	1	0	0	0	0	0	0	0	2	0	0	0	0	0	0	0	2	0	0	1	0	1	1	2	0	0	2	0	0	0	0	0	1	0	0	0	0	1	0	0	0	1	0	0	0	2	0	1	0	1	0	0	0	0	0	2	0	0	45	1	0
H061_5LTR_SGA17_7-24-23	0	0	0	0	2	0	0	0	0	0	0	0	0	0	0	2	0	0	2	0	0	0	0	0	0	0	0	0	0	0	0	0	0	2	1	2	0	0	0	0	0	0	0	0	2	0	0	1	0	0	0	0	2	0	0	2	0	0	0	2	0	0	3	0	0	0	0	0	2	0	0	0	0	1	1	0	0	1	0	0	0	0	1	1	0	0	0	0	0	0	0	2	0	0	45	1	0
H061_5LTR_SGA18_7-24-23	0	0	0	0	2	0	0	0	0	1	0	0	0	0	0	4	0	0	3	0	0	0	0	0	0	0	0	0	0	0	0	0	1	3	1	1	0	0	0	0	0	0	0	0	2	0	0	0	0	0	0	0	2	0	0	1	0	1	0	2	0	0	3	0	0	0	0	0	2	0	0	0	0	1	0	0	0	1	0	0	0	2	0	1	0	1	0	0	0	0	0	3	0	0	41	1	0
H061_5LTR_SGA19_7-24-23	0	0	0	0	2	0	0	0	0	1	0	0	0	0	0	3	0	0	3	0	0	0	0	0	0	0	0	0	0	0	0	0	1	3	1	1	0	0	0	0	0	0	0	0	2	0	0	0	0	0	0	0	2	0	0	1	0	1	1	2	0	0	3	0	0	0	0	0	2	0	0	0	0	1	0	0	0	1	0	0	0	2	0	1	0	1	0	0	0	0	0	2	0	0	40	1	0
H061_5LTR_SGA2	0	0	0	0	2	0	0	0	0	0	0	0	0	0	0	2	0	0	2	0	0	0	0	0	0	0	0	0	0	0	0	0	0	3	1	1	1	0	0	0	0	0	0	0	2	0	0	0	0	0	0	0	2	0	0	1	0	0	0	3	0	0	3	0	0	0	0	0	2	0	0	0	0	1	0	0	0	1	0	0	0	2	0	1	0	1	0	0	0	0	0	2	0	0	42	1	0
H061_5LTR_SGA20_7-24-23	0	0	0	0	1	0	0	0	0	0	0	0	0	0	0	2	0	0	2	0	0	0	0	0	0	0	0	0	0	0	0	0	0	3	1	1	0	0	0	0	0	0	0	0	2	0	0	0	0	0	0	0	2	0	1	2	0	1	0	2	0	0	3	0	0	0	0	0	2	0	0	0	0	1	1	0	0	1	0	0	0	0	1	1	0	1	0	0	0	0	0	2	0	0	45	1	0
H061_5LTR_SGA21_7-24-23	0	0	0	0	2	0	0	0	0	0	0	0	0	0	0	2	0	0	3	0	0	0	0	0	0	1	0	0	0	0	0	0	1	2	1	1	1	0	0	0	0	0	0	0	2	0	0	0	0	0	0	0	2	0	0	1	0	1	0	2	0	0	3	0	0	0	0	0	2	0	0	0	0	1	0	0	0	1	0	0	0	2	0	1	0	1	0	0	0	0	0	2	0	0	42	1	0
H061_5LTR_SGA23_7-24-23	0	0	0	0	2	0	0	0	0	1	0	0	0	0	0	2	0	0	2	0	0	0	0	0	0	0	0	0	0	0	0	0	0	3	1	1	0	0	0	0	0	0	0	0	1	0	0	0	0	0	0	0	2	0	0	1	0	1	0	2	0	0	3	0	0	0	0	0	2	0	0	0	0	1	0	0	0	1	0	0	0	2	1	1	0	1	0	0	0	0	0	1	0	0	44	1	0
H061_5LTR_SGA25_7-24-23	0	0	0	0	2	0	0	0	0	0	0	0	0	0	0	2	0	0	3	0	0	0	0	0	0	1	0	0	0	0	1	0	0	3	1	1	0	0	0	0	0	0	0	0	2	0	0	0	0	0	0	0	2	0	0	1	0	1	0	2	0	0	3	0	0	0	0	0	2	0	0	0	0	1	0	0	0	1	0	0	0	2	0	1	0	1	0	0	0	0	0	1	0	0	39	1	0
H061_5LTR_SGA26_7-24-23	0	0	0	0	1	0	0	0	0	1	0	0	0	0	0	2	0	0	2	0	0	0	0	0	0	0	0	0	0	0	0	0	0	3	1	1	0	0	0	0	0	0	0	0	2	0	0	0	0	0	0	0	2	0	0	1	0	1	0	2	0	0	3	0	0	0	0	0	2	0	0	0	0	1	0	0	0	1	0	0	0	2	1	1	0	1	0	0	0	0	0	2	0	0	43	1	0
H061_5LTR_SGA27_7-24-23	0	0	0	0	2	0	0	0	0	1	0	0	0	0	0	3	0	0	2	0	0	0	0	0	0	0	0	0	0	0	0	0	0	3	1	1	0	0	0	0	0	0	0	0	2	0	0	0	0	0	0	0	2	0	0	1	0	1	1	2	0	0	3	0	0	0	0	0	2	0	0	0	0	1	0	0	0	1	0	0	0	2	0	1	0	1	0	0	0	0	0	2	0	0	41	1	0
H061_5LTR_SGA30_7-24-23	0	0	0	0	2	0	0	0	0	1	0	0	0	0	0	2	0	0	3	0	0	0	0	0	0	1	0	0	0	0	0	0	1	3	1	1	0	0	0	0	0	0	0	0	2	0	0	0	0	0	0	0	2	0	0	1	0	1	0	2	0	0	3	0	0	0	0	0	2	0	0	0	0	1	0	0	0	1	0	0	0	2	1	1	0	1	0	0	0	0	0	2	0	0	41	1	0
H061_5LTR_SGA3_(reversed)	0	0	0	0	1	0	0	0	0	1	0	0	0	0	0	4	0	0	2	0	0	0	0	0	0	0	0	0	0	0	0	0	1	3	1	1	0	0	0	0	0	0	0	0	0	0	0	0	0	0	0	0	1	0	0	1	0	1	1	2	0	0	3	0	0	0	0	0	2	0	0	0	0	0	0	0	0	1	0	1	0	2	0	1	0	1	0	0	0	0	0	3	0	0	39	1	0
H061_5LTR_SGA4	0	0	0	0	2	0	0	0	0	1	0	0	0	0	0	1	0	0	2	0	0	0	0	0	0	1	0	0	0	0	0	0	1	2	1	1	0	0	0	0	0	0	0	0	2	0	0	0	0	0	0	0	1	0	0	1	0	1	0	2	0	0	2	0	0	0	0	1	1	0	0	0	0	1	0	0	0	1	0	1	0	2	0	1	0	0	0	0	0	0	0	2	0	0	41	2	0
H061_5LTR_SGA5	0	0	0	0	2	0	0	0	0	0	0	0	0	0	0	2	0	0	2	0	0	0	0	0	0	0	0	0	0	0	0	0	0	3	1	1	1	0	0	0	0	0	0	0	2	0	0	0	0	0	0	0	1	0	0	1	0	1	1	2	0	0	3	0	0	0	0	0	2	0	0	0	0	1	0	1	1	1	0	0	0	2	0	1	0	1	0	0	0	0	0	3	0	0	41	1	0
H061_5LTR_SGA6	0	0	0	0	2	0	0	0	0	1	0	0	0	0	0	1	0	0	1	0	0	0	0	0	0	0	0	0	0	0	0	0	0	3	1	1	1	0	0	0	0	0	0	0	2	0	0	0	0	0	0	0	1	0	0	1	0	0	0	2	1	0	3	0	0	0	0	0	1	0	0	0	0	1	0	0	0	1	0	0	0	2	0	1	0	1	0	0	0	0	0	2	0	1	45	1	0
H061_5LTR_SGA7	0	0	0	0	1	0	0	0	0	1	0	0	0	0	0	4	0	0	2	0	0	0	0	0	0	0	0	0	0	0	0	0	1	3	1	1	0	0	0	0	0	0	0	0	0	0	0	0	0	0	0	0	1	0	0	1	0	1	1	2	0	0	3	0	0	0	0	0	2	0	0	0	0	0	0	0	0	1	0	1	0	2	0	1	0	1	0	0	0	0	0	3	0	0	39	1	0
H061_5LTR_SGA8	0	0	0	0	2	0	0	0	0	1	0	0	0	0	0	3	0	0	2	0	0	0	0	0	0	0	0	0	0	0	0	0	0	3	1	1	0	0	0	0	0	1	0	0	2	1	0	0	0	0	0	0	1	0	0	1	0	0	0	1	0	0	3	0	0	0	0	0	2	0	0	0	0	1	0	0	1	1	0	0	0	2	1	1	0	1	0	0	0	0	0	2	0	0	42	0	0
H061_5LTR_SGA9_7-24-23	0	0	0	0	2	0	0	0	0	0	0	0	0	0	0	2	0	0	2	0	0	0	0	0	0	0	0	0	0	0	0	0	0	3	1	1	1	0	0	0	0	0	0	0	2	0	0	0	0	0	0	0	1	0	0	1	0	0	0	2	0	0	3	0	0	0	0	0	2	0	0	0	0	1	0	0	1	1	0	0	0	2	0	1	0	1	0	0	0	0	0	2	0	0	42	1	0
H069_3LTR_SGA10_7-24-23_(reversed)	0	0	0	0	0	0	0	0	0	1	0	0	0	0	0	3	0	0	1	0	0	0	0	1	0	0	0	0	0	0	0	0	0	3	1	0	0	0	0	0	0	1	0	0	1	0	0	0	0	1	0	0	3	0	0	2	0	1	0	3	0	0	3	0	0	0	0	0	0	1	0	0	0	1	1	0	0	1	0	0	0	1	1	1	1	0	0	0	0	0	0	1	0	0	36	3	0
H069_3LTR_SGA11_7-24-23_(reversed)	0	0	0	0	0	0	0	0	0	2	0	0	0	0	0	3	0	0	0	0	0	0	0	1	0	0	0	0	0	0	0	0	0	3	0	1	0	0	0	1	0	1	0	1	1	0	0	0	0	1	0	0	2	0	0	2	0	0	0	2	1	1	3	1	0	0	0	0	0	1	0	0	1	0	1	0	0	1	0	1	0	2	1	2	1	1	0	0	0	0	0	1	0	0	42	2	0
H069_3LTR_SGA14_7-24-23_(reversed)	0	0	0	0	0	0	0	0	0	2	0	0	0	0	0	3	0	1	1	0	0	0	0	0	0	0	0	0	0	0	0	0	0	3	1	0	0	0	0	1	0	1	0	0	1	0	0	0	0	1	0	0	3	0	1	1	0	1	0	2	0	0	4	0	0	0	0	0	0	0	0	0	0	0	1	0	0	1	0	0	0	1	1	2	1	1	0	0	0	0	0	1	0	0	37	2	1
H069_3LTR_SGA15_7-24-23_(reversed)	0	0	0	0	0	0	0	0	1	1	0	0	0	0	0	3	0	0	1	0	0	0	0	0	0	0	0	0	0	0	0	0	0	3	1	0	0	0	0	1	0	1	0	0	1	0	0	0	0	1	0	0	3	0	1	2	0	0	0	2	0	0	4	0	0	0	0	0	0	1	0	0	0	1	1	0	0	1	0	0	0	1	1	1	1	0	0	0	0	0	0	1	0	0	42	2	0
H069_3LTR_SGA17_11-10-23_(reversed)	0	0	0	0	0	0	0	0	1	1	0	0	0	0	0	3	0	0	1	0	0	0	0	0	0	0	0	0	0	0	0	0	0	3	1	0	0	0	0	1	0	1	0	0	1	0	0	0	0	1	0	0	3	0	0	2	0	1	0	2	0	0	4	0	0	0	0	0	0	1	0	0	0	1	1	0	0	1	0	0	0	1	1	1	1	1	0	0	0	0	0	1	0	0	36	2	0
H069_3LTR_SGA18_11-10-23_(reversed)	0	0	0	0	0	0	0	0	0	2	0	0	0	0	0	0	0	0	1	0	0	0	0	1	0	0	0	0	0	0	0	0	0	3	1	1	0	0	0	0	0	1	0	0	1	0	0	0	0	1	0	1	1	0	0	3	0	1	0	2	1	0	4	0	0	0	0	0	0	1	0	0	0	0	1	0	0	1	0	1	0	2	0	0	1	1	0	0	0	0	0	2	1	2	33	2	0
H069_3LTR_SGA19_11-10-23_(reversed)	0	0	0	0	0	0	0	0	0	1	0	0	0	0	0	3	0	0	1	0	0	0	0	0	0	0	0	0	0	0	0	0	0	3	1	0	0	0	0	1	0	1	0	0	1	0	0	0	0	1	0	0	3	0	0	2	0	1	0	2	0	0	4	0	0	0	0	0	0	1	0	0	0	1	1	0	0	1	0	0	0	1	1	1	1	1	0	0	0	0	0	1	0	0	38	2	0
H069_3LTR_SGA1_4-24-23_(reversed)	0	0	0	0	0	0	0	0	0	1	0	0	0	0	0	3	0	0	1	0	0	0	0	1	0	0	0	0	0	0	0	0	0	3	1	0	0	0	0	1	0	1	0	0	1	0	0	0	0	1	0	0	3	0	1	2	0	0	0	2	0	0	4	0	0	0	0	0	0	1	0	0	0	1	1	0	0	1	0	0	0	1	1	1	1	0	0	0	0	0	0	1	0	0	40	2	0
H069_3LTR_SGA20_11-10-23_(reversed)	0	0	0	0	0	0	0	0	1	1	0	0	0	0	0	3	0	0	1	0	0	0	0	0	0	0	0	0	0	0	0	0	0	3	1	0	0	0	0	1	0	1	0	0	1	0	0	0	0	1	0	0	3	0	1	2	0	0	0	2	0	0	4	0	0	0	0	0	0	1	0	0	0	1	1	0	0	1	0	0	0	1	1	1	1	1	0	0	0	0	0	2	0	0	42	2	0
H069_3LTR_SGA21_11-10-23_(reversed)	0	0	0	0	0	0	0	0	0	1	0	0	0	0	0	3	0	0	1	0	0	0	0	1	0	0	0	0	0	0	0	0	0	3	1	0	0	0	0	1	0	1	0	0	1	0	0	0	0	1	0	0	3	0	0	2	0	1	0	2	0	0	5	0	0	0	0	0	0	1	0	0	0	1	1	0	0	1	0	0	0	1	1	1	1	0	0	0	0	0	0	1	0	0	37	2	0
H069_3LTR_SGA2_4-24-23_(reversed)	0	0	0	0	0	0	0	0	0	1	0	0	0	0	0	3	0	0	0	0	0	0	0	0	0	0	0	0	0	0	0	0	0	2	1	0	0	0	0	1	0	1	0	0	1	0	0	0	0	1	0	0	3	0	1	4	0	0	0	2	0	0	3	0	0	0	0	0	2	1	0	0	0	1	1	0	0	1	0	0	0	1	0	1	1	1	0	1	0	0	0	1	0	0	40	2	0
H069_3LTR_SGA4_7-24-23_(reversed)	0	0	0	0	0	0	0	0	1	1	0	0	0	0	0	4	0	0	2	0	0	0	0	0	0	0	0	0	0	0	0	0	0	3	0	0	0	0	0	0	0	1	0	0	1	0	0	0	0	1	0	0	2	0	1	3	0	0	0	2	0	0	3	0	0	0	0	0	0	1	0	0	0	0	0	0	0	1	0	1	0	1	0	1	1	1	0	0	0	0	0	1	0	0	39	2	0
H069_3LTR_SGA5_7-24-23_(reversed)	0	0	0	0	0	0	0	0	1	1	0	0	0	0	0	3	0	0	1	0	0	0	0	0	0	0	0	0	0	0	0	0	0	3	1	0	0	0	0	1	0	1	0	0	1	0	0	0	0	1	0	0	3	0	0	2	0	1	0	2	0	0	4	0	0	0	0	0	0	1	0	0	0	1	1	0	0	1	0	0	0	1	1	1	1	1	0	0	0	0	0	1	0	0	36	2	0
H069_3LTR_SGA6_7-24-23_(reversed)	0	0	0	0	0	0	0	0	0	1	0	0	0	0	0	3	0	0	1	0	0	0	0	1	0	0	0	0	0	0	0	0	0	3	1	1	0	0	0	0	0	1	0	0	1	0	0	0	0	1	0	0	3	0	0	3	0	1	0	2	0	0	5	0	0	0	0	0	0	1	0	0	0	1	0	0	0	1	0	0	0	1	1	1	1	0	0	0	0	0	0	2	0	0	36	3	0
H069_3LTR_SGA7_7-24-23	0	0	0	0	0	0	0	0	1	1	0	0	0	0	0	3	0	0	1	0	0	0	0	0	0	0	0	0	0	0	0	0	0	3	1	0	0	0	0	0	0	1	0	1	1	0	0	0	0	1	0	0	3	0	1	2	0	0	0	2	0	0	4	0	0	0	0	0	0	1	0	0	0	1	1	0	0	1	0	0	0	1	1	1	1	1	0	0	0	0	0	2	0	0	43	2	0
H069_3LTR_SGA8_7-24-23_(reversed)	0	0	0	0	0	0	0	0	2	1	0	0	0	0	0	3	0	0	2	0	0	0	0	1	0	0	0	0	0	0	0	0	0	3	1	0	0	0	0	0	0	1	0	0	1	0	0	0	0	1	0	0	3	0	0	2	0	1	0	2	0	0	5	0	0	0	0	0	0	1	0	0	0	1	1	0	0	1	0	0	0	1	1	1	1	0	0	0	0	0	0	1	0	0	36	3	0
H069_5LTR_SGA10_3-31-23	0	0	0	0	0	0	0	0	2	1	0	0	0	0	0	3	0	0	1	0	0	0	0	0	0	0	0	0	0	0	0	0	0	3	1	0	0	0	0	1	0	1	0	0	1	0	0	0	0	0	0	0	3	0	0	2	0	1	0	2	0	0	4	0	0	0	0	0	0	1	0	0	0	1	1	0	0	1	0	0	0	1	1	1	1	1	0	0	0	0	0	1	0	0	41	2	0
H069_5LTR_SGA11_3-31-23	0	0	0	0	0	0	0	0	2	0	0	0	0	0	0	3	0	1	1	0	0	0	0	0	0	0	0	0	0	0	0	0	0	3	0	0	0	0	0	0	0	1	0	0	1	0	0	0	0	0	0	0	3	0	0	2	0	1	0	2	0	0	4	0	0	0	0	0	0	1	0	0	0	0	1	0	0	1	0	0	0	2	1	1	1	1	0	0	0	0	0	1	0	0	42	1	0
H069_5LTR_SGA12_3-31-23	0	0	0	0	0	0	0	0	0	1	0	0	0	0	0	3	0	0	0	0	0	0	0	0	0	0	0	0	0	0	0	0	0	3	1	0	0	0	0	1	0	1	0	0	1	0	0	0	0	0	0	0	3	0	1	2	0	0	0	2	0	0	4	0	0	0	0	0	0	1	0	0	0	1	1	0	0	1	0	0	0	1	1	1	1	1	0	0	0	0	0	1	0	0	40	2	0
H069_5LTR_SGA13_4-24-23	0	0	0	0	0	0	0	0	1	1	0	0	0	0	0	2	0	0	1	0	0	0	0	0	0	0	0	0	0	0	0	0	0	3	1	0	0	0	0	0	0	1	0	0	1	0	0	0	0	0	0	0	3	0	0	4	0	1	0	2	0	0	4	0	0	0	0	0	0	0	0	0	0	1	1	0	0	1	0	0	0	1	1	2	1	1	0	0	0	0	0	1	0	0	39	3	0
H069_5LTR_SGA14_4-24-23	0	0	0	0	1	0	0	0	1	0	0	0	0	0	0	3	0	0	2	0	0	0	0	0	0	0	0	0	0	0	0	0	0	3	1	0	0	0	0	0	0	1	0	0	1	0	0	0	0	1	0	0	2	0	0	2	0	1	0	2	0	0	3	0	0	0	0	0	0	1	0	0	0	1	1	0	0	1	0	0	0	2	0	1	1	0	0	0	0	0	0	2	0	0	42	3	0
H069_5LTR_SGA15_4-24-23	0	0	0	0	0	0	0	0	0	3	0	0	0	0	0	4	0	0	1	0	0	0	0	0	0	0	0	0	0	0	0	0	0	3	1	0	0	0	0	1	0	1	0	0	1	0	0	0	0	0	0	0	4	0	0	1	0	1	0	2	0	0	4	0	0	0	0	0	0	1	0	0	0	0	1	0	0	1	0	0	0	1	1	2	1	1	0	0	0	0	0	1	0	0	39	2	0
H069_5LTR_SGA16_4-24-23	0	0	0	0	0	0	0	0	2	2	0	0	0	0	0	4	0	0	1	0	0	0	0	0	0	0	0	0	0	0	0	0	0	2	1	0	0	0	0	1	0	1	0	0	1	0	0	0	0	1	0	0	4	0	0	3	0	1	0	2	0	0	4	0	0	0	0	0	0	1	0	0	0	1	1	0	0	1	0	0	0	1	1	1	1	1	0	0	0	0	0	1	0	0	40	2	0
H069_5LTR_SGA17_4-24-23	0	0	0	0	0	0	0	0	0	1	0	0	0	0	0	3	0	0	1	0	0	0	0	0	0	0	0	0	0	0	0	0	0	3	1	0	0	0	0	1	0	1	0	1	1	0	0	0	0	0	0	0	3	0	1	2	0	0	0	2	0	0	4	0	0	0	0	0	0	1	0	0	0	1	1	0	0	1	0	0	0	1	1	1	1	1	0	0	0	0	0	1	0	0	40	2	0
H069_5LTR_SGA18_4-24-23	0	0	0	0	0	0	0	0	0	1	0	0	0	0	0	3	0	0	1	0	0	0	0	0	0	0	0	0	0	0	0	0	0	2	1	0	0	0	0	1	0	0	0	0	1	0	0	0	0	0	0	0	1	0	0	2	0	1	0	2	0	0	3	0	0	0	0	0	0	1	0	0	0	1	1	0	0	1	0	0	0	1	0	1	1	0	0	0	0	0	0	1	0	0	42	2	0
H069_5LTR_SGA19_7-24-23_(reversed)	0	0	0	0	0	0	0	0	2	1	0	0	0	0	0	3	0	0	1	0	0	0	0	0	0	0	0	0	0	0	0	0	0	2	1	0	0	0	0	1	0	1	0	0	1	0	0	0	0	1	0	0	3	0	0	3	0	1	0	2	0	0	4	0	0	0	0	0	0	1	0	0	0	1	1	0	0	1	0	0	0	1	1	1	1	1	0	0	0	0	0	1	0	0	39	2	0
H069_5LTR_SGA1_3-31-23	0	0	0	0	0	0	0	0	0	1	0	0	0	0	0	3	0	0	1	0	0	0	0	1	0	0	0	0	0	0	0	0	0	3	1	0	0	0	0	0	0	1	0	0	1	0	0	0	0	0	0	0	3	0	0	2	0	1	0	3	0	0	4	0	0	0	0	0	0	1	0	0	0	1	1	0	0	1	0	0	0	1	1	1	1	0	0	0	0	0	0	1	0	0	37	3	0
H069_5LTR_SGA20_7-24-23	0	0	0	0	0	0	0	0	0	3	0	0	0	0	0	4	0	0	1	0	0	0	0	0	0	0	0	0	0	0	0	0	0	3	1	0	0	0	0	1	0	1	0	0	1	0	0	0	0	0	0	0	4	0	0	1	0	1	0	2	0	0	4	0	0	0	0	0	0	1	0	0	0	0	1	0	0	1	0	0	0	1	1	2	1	1	0	0	0	0	0	1	0	0	39	2	0
H069_5LTR_SGA2_3-31-23	0	0	0	0	0	0	0	0	1	1	0	0	0	0	0	2	0	0	1	0	0	0	0	0	0	0	0	0	0	0	0	0	0	3	1	0	0	0	0	1	0	1	0	0	1	0	0	0	0	0	0	0	3	0	1	2	0	0	0	2	0	0	4	0	0	0	0	0	0	1	0	0	0	1	1	0	0	1	0	0	0	1	0	1	1	1	0	0	0	0	0	2	0	0	42	2	0
H069_5LTR_SGA3_3-31-23	0	0	0	0	0	0	0	0	0	1	0	0	0	0	0	3	0	0	1	0	0	0	0	1	0	0	0	0	0	1	0	0	0	3	1	0	0	0	0	0	0	1	0	0	1	0	0	0	0	0	0	0	3	0	0	2	0	1	0	3	0	0	4	0	0	0	0	0	0	1	0	0	0	1	1	0	0	1	0	0	0	1	1	1	1	0	0	0	0	0	0	1	0	0	36	3	0
H069_5LTR_SGA4_3-31-23	0	0	0	0	1	0	0	0	2	2	0	0	0	0	0	2	0	0	1	0	0	0	0	0	0	0	0	0	0	0	0	0	0	3	1	0	0	0	0	0	0	1	0	0	1	0	0	0	0	0	0	0	3	0	0	2	0	1	0	2	0	0	4	0	0	0	0	0	0	1	0	0	0	1	1	0	0	1	0	0	0	1	1	2	1	1	0	0	0	0	0	1	0	0	41	2	0
H069_5LTR_SGA5_3-31-23_(reversed)	0	0	0	0	0	0	0	0	2	0	0	0	0	0	0	3	0	1	1	0	0	0	0	0	0	0	0	0	0	0	0	0	0	3	0	0	0	0	0	0	0	1	0	0	1	0	0	0	0	0	0	0	3	0	0	2	0	1	0	2	0	0	4	0	0	0	0	0	0	1	0	0	0	0	1	0	0	1	0	0	0	2	1	1	1	1	0	0	0	0	0	1	0	0	42	1	0
H069_5LTR_SGA6_3-31-23	0	0	0	0	0	0	0	0	0	2	0	0	0	0	0	3	0	0	1	0	0	0	0	0	0	0	0	0	0	0	0	0	0	3	1	0	0	0	0	1	0	1	0	0	1	0	0	0	0	0	0	0	3	0	0	1	0	1	0	3	0	0	4	0	0	0	0	0	0	1	0	0	0	1	1	0	0	1	0	0	0	1	1	1	1	1	0	0	0	0	0	1	0	0	38	2	0
H069_5LTR_SGA7_3-31-23	0	0	0	0	0	0	0	0	0	3	0	0	0	0	0	2	0	0	1	0	0	0	0	0	0	0	0	0	0	0	0	0	0	3	1	0	0	0	0	1	0	1	0	0	1	0	0	0	0	0	0	0	3	0	0	1	0	1	0	2	0	0	4	0	0	1	0	0	0	1	0	0	0	1	1	0	0	1	0	0	0	1	1	1	1	1	0	0	0	0	0	1	0	0	37	2	0
H069_5LTR_SGA8_3-31-23	0	0	0	0	0	0	0	0	0	1	0	0	0	0	0	3	0	0	1	0	0	0	0	1	0	0	0	0	0	1	0	0	0	3	1	0	0	0	0	0	0	1	0	0	1	0	0	0	0	0	0	0	3	0	0	2	0	1	0	3	0	0	4	0	0	0	0	0	0	1	0	0	0	1	1	0	0	1	0	0	0	1	1	1	1	0	0	0	0	0	0	1	0	0	36	3	0
H069_5LTR_SGA9_3-31-23	0	0	0	0	0	0	0	0	0	3	0	0	0	0	0	3	0	0	1	0	0	0	0	0	0	0	0	0	0	0	0	0	0	3	1	0	0	0	0	1	0	1	0	0	1	0	0	0	0	0	0	0	3	0	0	1	0	1	0	2	0	0	4	0	0	0	0	0	0	1	0	0	0	0	1	0	0	1	0	0	0	1	1	2	1	1	0	0	0	0	0	1	0	0	38	1	0
H076_3LTR_SGA1_3-31-23_(reversed)	0	0	0	0	0	0	0	0	0	0	0	1	0	0	0	3	0	0	0	0	0	0	0	1	0	0	0	0	0	0	0	2	1	3	0	1	0	0	0	0	0	0	0	0	1	0	0	0	0	1	0	1	1	0	0	1	0	1	0	2	0	0	4	0	0	0	0	0	0	0	0	0	0	1	0	0	0	1	0	0	0	1	1	0	0	0	0	0	0	0	0	4	0	1	37	2	0
H076_3LTR_SGA2_3-31-23_(reversed)	0	0	0	0	0	0	0	0	0	0	0	1	0	0	0	3	0	0	0	0	0	0	0	1	0	0	0	0	0	0	0	2	1	3	0	1	0	0	0	0	0	0	0	0	1	0	0	0	0	1	0	1	1	0	0	1	0	1	0	2	0	0	4	0	0	0	0	0	0	0	0	0	0	1	0	0	0	1	0	0	0	1	1	0	0	0	0	0	0	0	0	4	0	1	37	2	0
H076_5LTR_SGA1_3-31-23	0	0	0	0	0	0	0	0	0	0	0	1	0	0	0	3	0	0	0	0	0	0	0	1	0	0	0	0	0	0	0	1	1	3	0	1	0	0	0	0	0	0	0	0	1	0	0	1	0	0	0	1	2	0	0	1	0	1	0	2	0	0	4	0	0	0	0	0	0	0	0	0	0	1	0	0	0	1	0	0	0	1	1	0	0	0	0	0	0	0	0	4	0	1	38	2	0
H076_5LTR_SGA2_3-31-23	0	0	0	0	0	0	0	0	0	0	0	1	0	0	0	3	0	0	0	0	0	0	0	1	0	0	0	0	0	0	0	2	1	3	0	1	0	0	0	0	0	0	0	0	1	0	0	0	0	0	0	1	2	0	0	1	0	1	0	2	0	0	4	0	0	0	0	0	0	0	0	0	0	1	0	0	0	1	0	0	0	1	1	0	0	0	0	0	0	0	0	4	0	1	38	2	0
H082_3LTR_SGA10_8-14-23_(reversed)	0	0	0	0	0	0	0	0	0	1	0	0	0	0	0	4	0	0	1	0	0	0	0	0	0	0	0	0	0	0	0	1	0	3	1	1	1	0	0	0	1	1	0	0	1	0	0	0	0	1	0	0	2	1	1	1	0	0	0	2	0	1	5	0	0	0	0	0	2	0	0	0	0	1	1	0	0	0	0	0	0	1	2	1	0	1	0	0	0	0	0	2	0	0	37	2	0
H082_3LTR_SGA11_8-14-23_(reversed)	0	0	0	0	0	0	0	0	0	1	0	0	0	0	0	3	0	0	1	0	0	0	0	0	0	0	0	0	0	0	0	0	1	3	1	1	1	0	0	0	1	1	0	0	1	0	0	0	0	1	0	0	2	0	1	1	0	1	0	2	0	1	5	0	0	0	0	0	1	0	0	0	0	1	2	0	0	1	0	0	0	1	2	0	0	0	0	0	0	0	0	2	0	0	43	2	0
H082_3LTR_SGA12_8-14-23	0	0	0	0	0	0	0	0	0	1	0	0	0	0	0	4	0	0	1	0	0	0	0	0	0	0	0	0	0	0	0	1	0	3	1	1	1	0	0	0	1	1	0	0	1	0	0	0	0	1	0	0	2	1	1	1	0	0	0	2	0	1	5	0	0	0	0	0	2	0	0	0	0	1	1	0	0	0	0	0	0	1	2	1	0	1	0	0	0	0	0	2	0	0	37	2	0
H082_3LTR_SGA13_8-14-23_(reversed)	0	0	0	0	0	0	0	0	0	1	0	0	0	0	0	4	0	0	1	0	0	0	0	0	0	0	0	0	0	0	0	1	0	3	1	1	1	0	0	0	1	1	0	0	1	0	0	0	0	1	0	0	2	1	1	1	0	0	0	2	0	1	5	0	0	0	0	0	2	0	0	0	0	1	1	0	0	0	0	0	0	1	2	1	0	1	0	0	0	0	0	2	0	0	37	2	0
H082_3LTR_SGA14_8-14-23_(reversed)	0	0	0	0	0	0	0	0	0	0	0	1	0	0	0	3	0	0	0	0	0	0	0	1	0	0	0	0	0	0	0	2	1	3	0	1	0	0	0	0	0	0	0	0	1	0	0	0	0	1	0	1	1	0	0	1	0	1	0	2	0	0	4	0	0	0	0	0	0	0	0	0	0	1	0	0	0	1	0	0	0	1	1	0	0	0	0	0	0	0	0	4	0	1	37	2	0
H082_3LTR_SGA15_8-14-23_(reversed)	0	0	0	0	0	0	0	0	0	1	0	0	0	0	0	4	0	0	1	0	0	0	0	0	0	0	0	0	0	0	0	1	0	3	1	1	1	0	0	0	1	1	0	0	1	0	0	0	0	1	0	0	2	1	1	1	0	0	0	2	0	1	5	0	0	0	0	0	2	0	0	0	0	1	1	0	0	0	0	0	0	1	2	1	0	1	0	0	0	0	0	2	0	0	37	2	0
H082_3LTR_SGA16_8-14-23_(reversed)	0	0	0	0	0	0	0	0	0	1	0	0	0	0	0	4	0	0	1	0	0	0	0	0	0	0	0	0	0	0	0	1	0	3	1	1	1	0	0	0	1	1	0	0	1	0	0	0	0	1	0	0	2	1	1	1	0	0	0	2	0	1	5	0	0	0	0	0	2	0	0	0	0	1	1	0	0	0	0	0	0	1	2	1	0	1	0	0	0	0	0	2	0	0	37	2	0
H082_3LTR_SGA17_8-14-23	0	0	0	0	0	0	0	0	0	1	0	0	0	0	0	3	0	0	1	0	0	0	1	1	0	0	0	0	0	0	0	0	1	2	0	1	0	0	0	0	1	0	0	0	1	0	0	0	0	1	0	0	1	0	1	1	0	1	0	2	0	1	6	0	0	0	0	0	2	0	1	0	0	1	2	0	0	1	0	0	0	1	2	0	0	0	0	0	0	0	0	1	1	0	43	3	0
H082_3LTR_SGA18_8-14-23_(reversed)	0	0	0	0	0	0	0	0	0	1	0	0	0	0	0	3	0	0	2	0	0	0	0	0	0	0	0	0	0	0	0	0	0	3	1	0	1	0	0	0	1	1	0	0	1	0	0	0	0	1	0	0	3	0	1	1	0	1	0	2	0	1	6	0	0	0	0	0	1	0	0	0	0	1	2	0	0	1	0	0	0	1	2	0	0	0	0	0	0	0	0	1	0	0	44	3	0
H082_3LTR_SGA1_3-31-23_(reversed)	0	0	0	0	0	0	0	0	0	1	0	0	0	0	0	2	0	0	1	0	0	0	0	0	0	0	0	0	0	0	0	0	0	3	1	1	1	0	0	0	1	1	0	0	1	0	0	0	0	1	0	0	2	0	1	1	0	1	0	2	0	1	6	0	0	0	0	0	1	0	0	0	0	1	2	0	0	1	0	0	0	1	2	0	0	0	0	0	0	0	0	2	0	0	44	1	0
H082_3LTR_SGA2_3-31-23_(reversed)	0	0	0	0	0	0	0	0	0	1	0	0	0	0	0	4	0	0	1	0	0	0	0	0	0	0	0	0	0	0	0	1	0	3	1	1	1	0	0	0	1	1	0	0	1	0	0	0	0	1	0	0	2	1	1	1	0	0	0	2	0	1	5	0	0	0	0	0	2	0	0	0	0	1	1	0	0	0	0	0	0	1	2	1	0	1	0	0	0	0	0	2	0	0	37	2	0
H082_3LTR_SGA3_3-31-23_(reversed)	0	0	0	0	0	0	0	0	0	1	0	0	0	0	0	4	0	0	1	0	0	0	0	0	0	0	0	0	0	0	0	1	0	3	1	1	1	0	0	0	1	1	0	0	1	0	0	0	0	1	0	0	2	1	1	1	0	0	0	2	0	1	5	0	0	0	0	0	2	0	0	0	0	1	1	0	0	0	0	0	0	1	2	1	0	1	0	0	0	0	0	2	0	0	37	2	0
H082_3LTR_SGA5_8-14-23	0	0	0	0	0	0	0	0	0	1	0	0	0	0	0	4	0	0	1	0	0	0	0	0	0	0	0	0	0	0	0	1	0	3	1	1	1	0	0	0	1	1	0	0	1	0	0	0	0	1	0	0	2	1	1	1	0	0	0	2	0	1	5	0	0	0	0	0	2	0	0	0	0	1	1	0	0	0	0	0	0	1	2	1	0	1	0	0	0	0	0	2	0	0	37	2	0
H082_3LTR_SGA6_8-14-23_(reversed)	0	0	0	0	0	0	0	0	0	0	0	1	0	0	0	3	0	0	0	0	0	0	0	1	0	0	0	0	0	0	0	2	1	3	0	1	0	0	0	0	0	0	0	0	1	0	0	0	0	1	0	1	1	0	0	1	0	1	0	2	0	0	4	0	0	0	0	0	0	0	0	0	0	1	0	0	0	1	0	0	0	1	1	0	0	0	0	0	0	0	0	4	0	1	37	2	0
H082_3LTR_SGA7_8-14-23_(reversed)	0	0	0	0	0	0	0	0	0	1	0	0	0	0	0	3	0	0	1	0	0	0	0	0	0	0	0	0	0	0	0	0	1	3	1	0	1	0	0	1	1	0	0	0	1	0	0	0	0	1	0	0	1	1	1	1	0	1	0	2	0	1	4	0	0	0	0	0	2	0	1	0	0	1	2	0	0	0	0	0	0	1	2	0	0	0	0	0	0	0	0	2	0	0	39	2	0
H082_3LTR_SGA8_8-14-23_(reversed)	0	0	0	0	0	0	0	0	0	1	0	0	0	0	0	3	0	0	1	0	0	0	1	1	0	0	0	0	0	0	0	0	1	3	0	1	1	0	0	0	1	1	0	0	1	0	0	0	0	1	0	0	2	0	1	1	0	1	0	2	1	1	5	0	0	0	0	0	1	0	0	0	0	1	1	0	0	1	0	0	0	1	2	0	0	0	0	0	0	0	0	2	0	0	43	2	0
H082_3LTR_SGA9_8-14-23_(reversed)	0	0	0	0	0	0	0	0	0	1	0	0	0	0	0	4	0	0	1	0	0	0	0	0	0	0	0	0	0	0	0	1	0	3	1	1	1	0	0	0	1	1	0	0	1	0	0	0	0	1	0	0	2	1	1	1	0	0	0	2	0	1	5	0	0	0	0	0	2	0	0	0	0	1	1	0	0	0	0	0	0	1	2	1	0	1	0	0	0	0	0	2	0	0	37	2	0
H082_5LTR_SGA10_3-6-23	0	0	0	0	0	0	0	0	0	1	0	0	0	0	0	3	0	0	2	0	0	0	0	0	1	0	0	0	0	0	0	1	0	3	1	0	0	0	0	0	1	0	0	0	1	0	0	0	0	0	0	0	1	1	1	1	0	1	0	2	0	1	4	0	0	0	0	0	2	0	0	0	0	1	1	0	0	0	0	0	0	1	2	1	0	1	2	0	0	0	0	2	0	0	38	2	0
H082_5LTR_SGA11_3-6-23	0	0	0	0	0	0	0	0	0	1	0	0	0	0	0	3	0	0	2	0	0	0	0	0	1	0	0	0	0	0	0	1	0	3	1	0	0	0	0	0	1	0	0	0	1	0	0	0	0	0	0	0	1	1	1	1	0	1	0	2	0	1	4	0	0	0	0	0	2	0	0	0	0	1	1	0	0	0	0	0	0	1	2	1	0	1	2	0	0	0	0	2	0	0	38	2	0
H082_5LTR_SGA12_3-31-23	0	0	0	0	0	0	0	0	0	1	0	0	0	0	0	3	0	0	2	0	0	0	0	0	1	0	0	0	0	0	0	1	0	2	1	1	0	0	0	0	1	0	0	0	1	0	0	0	0	0	0	0	2	0	1	1	0	1	0	2	0	1	4	0	0	0	0	0	2	0	0	0	0	1	1	0	0	0	0	0	0	1	2	1	0	1	2	0	0	0	0	4	0	0	40	2	0
H082_5LTR_SGA13_3-31-23_(reversed)	0	0	0	0	0	0	0	0	0	1	0	0	0	0	0	3	0	0	2	0	0	0	0	0	1	0	0	0	0	0	0	1	0	3	1	0	0	0	0	0	1	0	0	0	1	0	0	0	0	0	0	0	1	1	1	1	0	1	0	2	0	1	4	0	0	0	0	0	2	0	0	0	0	1	1	0	0	0	0	0	0	1	2	1	0	1	2	0	0	0	0	2	0	0	38	2	0
H082_5LTR_SGA14_3-31-23	0	0	0	0	0	0	0	0	0	1	0	0	0	0	0	3	0	0	2	0	0	0	0	0	1	0	0	0	0	0	0	1	1	3	1	1	0	0	0	0	1	0	0	0	1	0	0	0	0	0	0	0	2	0	1	1	0	1	0	1	0	1	4	0	0	0	0	0	2	0	0	0	0	1	1	0	0	0	0	0	0	1	2	1	0	1	2	0	0	0	0	5	0	0	40	1	0
H082_5LTR_SGA15_3-31-23	0	0	0	0	0	0	0	0	0	1	0	0	0	0	0	3	0	0	2	0	0	0	0	0	1	0	0	0	0	0	0	1	1	3	1	1	0	0	0	0	1	0	0	0	1	0	0	0	0	0	0	0	2	0	1	1	0	1	0	2	0	1	4	0	0	0	0	0	2	0	0	0	0	1	1	0	0	0	0	0	0	1	2	1	0	1	0	0	0	0	0	3	0	0	39	2	0
H082_5LTR_SGA16_3-31-23	0	0	0	0	0	0	0	0	0	1	0	0	0	0	0	3	0	0	2	0	0	0	0	0	1	0	0	0	0	0	0	1	1	3	1	1	0	0	0	0	2	0	0	0	1	0	0	0	0	0	0	0	2	0	1	1	0	1	0	2	0	1	4	0	0	0	0	0	2	0	0	0	0	1	1	0	0	0	0	0	0	1	2	1	0	1	0	0	0	0	0	3	0	0	38	2	0
H082_5LTR_SGA17_3-31-23	0	0	0	0	0	0	0	0	0	1	0	0	0	0	0	3	0	0	2	0	0	0	0	0	1	0	0	0	0	0	0	0	1	3	1	1	0	0	0	0	1	0	0	0	1	0	0	0	0	0	0	0	2	1	1	1	0	1	0	1	0	1	4	0	0	0	0	0	2	0	0	0	0	1	1	0	0	0	0	0	0	1	2	1	0	1	0	0	0	0	0	4	0	0	40	2	0
H082_5LTR_SGA18_3-31-23	0	0	0	0	0	0	0	0	0	1	0	0	0	0	0	3	0	0	2	0	0	0	0	0	1	0	0	0	0	0	0	1	0	3	1	0	0	0	0	0	1	0	0	0	1	0	0	0	0	0	0	0	1	1	1	1	0	1	0	2	0	1	4	0	0	0	0	0	2	0	0	0	0	1	1	0	0	0	0	0	0	1	2	1	0	1	2	0	0	0	0	2	0	0	38	2	0
H082_5LTR_SGA1_3-6-23	0	0	0	0	0	0	0	0	0	1	0	0	0	0	0	3	0	0	2	0	0	0	0	0	1	0	0	0	0	0	0	1	1	3	1	1	0	0	0	0	2	0	0	0	1	0	0	0	0	0	0	0	2	0	1	1	0	1	0	2	0	1	4	0	0	0	0	0	2	0	0	0	0	1	1	0	0	0	0	0	0	1	2	1	0	1	0	0	0	0	0	3	0	0	38	2	0
H082_5LTR_SGA2_3-6-23	0	0	0	0	0	0	0	0	0	1	0	0	0	0	0	3	0	0	2	0	0	0	0	0	0	0	0	0	0	0	0	0	0	3	1	1	0	0	0	0	1	1	0	1	1	0	0	0	0	0	0	0	2	0	1	1	0	0	0	2	0	1	4	0	0	0	0	0	1	0	0	0	0	1	2	0	0	1	0	0	0	1	3	0	0	0	0	0	0	0	0	2	0	0	42	2	0
H082_5LTR_SGA3_3-6-23	0	0	0	0	0	0	0	0	0	1	0	0	0	0	0	3	0	0	2	0	0	0	0	0	1	0	0	0	0	0	0	2	1	3	1	0	0	0	0	0	1	1	0	0	1	0	0	0	0	0	0	0	2	0	0	1	0	1	0	2	0	1	4	0	0	0	0	0	0	0	0	0	0	1	1	0	0	0	0	0	0	0	2	1	0	1	0	0	0	0	0	4	0	0	43	3	0
H082_5LTR_SGA4_3-6-23	0	0	0	0	0	0	0	0	0	1	0	0	0	0	0	3	0	0	2	0	0	0	0	0	1	0	0	0	0	0	0	0	1	2	1	0	0	0	0	1	1	1	0	0	1	0	0	0	0	0	0	0	2	1	1	1	0	0	0	2	0	1	3	0	0	0	0	0	2	0	0	0	0	1	1	0	0	0	0	0	0	1	1	1	0	1	2	0	0	0	0	2	0	0	39	2	0
H082_5LTR_SGA5_3-6-23	0	0	0	0	0	0	0	0	0	1	0	0	0	0	0	3	0	0	2	0	0	0	0	0	1	0	0	0	0	0	0	1	1	3	1	1	0	0	0	0	1	0	0	0	1	0	0	0	0	0	0	0	2	0	1	1	0	1	0	2	0	1	4	0	0	0	0	0	2	0	0	0	0	1	1	0	0	0	0	0	0	1	2	1	0	1	0	0	0	0	0	3	0	0	39	2	0
H082_5LTR_SGA6_3-6-23	0	0	0	0	0	0	0	0	0	1	0	0	0	0	0	3	0	0	2	0	0	0	0	0	1	0	0	0	0	0	0	2	1	3	1	0	0	0	0	0	1	1	0	0	1	0	0	0	0	0	0	0	2	0	0	1	0	1	0	2	0	1	4	0	0	0	0	0	0	0	0	0	0	1	1	0	0	0	0	0	0	0	2	1	0	1	0	0	0	0	0	4	0	0	43	3	0
H082_5LTR_SGA7_3-6-23	0	0	0	0	0	0	0	0	0	3	0	0	0	0	0	2	0	0	2	0	0	0	0	0	1	0	0	0	0	0	0	0	1	3	1	1	0	0	0	0	1	0	0	0	1	0	0	0	0	0	0	0	2	0	1	1	0	1	0	2	0	0	4	0	0	0	0	0	2	0	0	0	0	1	1	0	0	0	0	0	0	1	2	1	0	1	2	0	0	0	0	3	0	0	38	2	0
H082_5LTR_SGA8_3-6-23	0	0	0	0	0	0	0	0	0	1	0	0	0	0	0	3	0	0	2	0	0	0	0	0	1	0	0	0	0	0	0	1	1	3	1	1	0	0	0	0	1	0	0	0	1	0	0	0	0	0	0	0	2	1	1	1	0	1	0	2	0	1	4	0	0	0	0	0	2	0	0	0	0	1	1	0	0	0	0	0	0	1	2	1	0	1	2	0	0	0	0	4	0	0	39	2	0
H082_5LTR_SGA9_3-6-23	0	0	0	0	0	0	0	0	0	1	0	0	0	0	0	3	0	0	2	0	0	0	0	0	1	0	0	0	0	0	0	0	1	3	1	1	0	0	0	0	1	1	0	0	1	0	0	0	0	0	0	0	2	1	1	1	0	0	0	2	0	1	4	0	0	0	0	0	2	0	0	0	0	1	1	0	0	0	0	0	0	1	2	1	0	1	0	0	0	0	0	2	0	0	39	2	0
H084_3LTR_SGA10_3-31-23_(reversed)	0	0	0	0	1	0	0	0	0	1	0	0	0	0	0	1	0	0	0	1	0	0	1	1	0	0	0	0	0	0	0	1	1	3	0	0	0	0	0	0	0	0	0	0	1	0	0	0	0	1	0	0	1	0	1	2	0	0	0	2	0	0	3	0	0	0	0	0	0	1	0	0	0	1	0	1	0	1	0	0	0	1	1	3	0	1	0	0	0	1	0	2	0	0	40	2	0
H084_3LTR_SGA11_3-31-23_(reversed)	0	0	0	0	1	0	0	0	0	1	0	0	1	0	0	1	0	0	0	1	0	1	1	0	0	0	0	0	0	0	0	1	0	3	0	1	0	0	0	1	0	0	0	0	1	0	0	0	0	1	0	0	1	0	1	1	0	0	0	2	0	0	3	0	0	0	0	0	0	0	0	0	0	1	0	0	0	1	0	0	0	1	2	2	0	1	0	0	0	1	0	2	0	0	40	1	0
H084_3LTR_SGA12_3-31-23_(reversed)	0	0	0	0	1	0	0	0	0	0	0	0	0	0	0	1	0	0	0	1	0	1	1	0	0	0	0	0	0	0	0	1	0	3	0	0	0	0	0	0	0	0	0	0	1	0	0	0	0	2	0	0	1	0	1	2	0	0	0	2	0	0	3	0	0	0	0	0	0	0	0	0	0	1	0	0	0	1	2	0	0	1	2	1	0	1	0	0	0	1	0	2	0	0	39	2	0
H084_3LTR_SGA13_3-31-23	0	0	0	0	1	0	0	0	0	1	0	0	0	0	0	1	0	0	0	0	0	1	1	0	0	0	0	0	0	0	0	1	0	3	0	1	0	0	0	0	0	0	0	0	2	0	0	0	0	2	0	0	1	0	1	1	0	0	0	3	0	0	3	0	0	0	0	0	0	0	0	0	0	1	0	1	0	1	0	0	0	1	2	2	0	1	0	0	0	1	0	1	0	0	38	2	0
H084_3LTR_SGA14_3-31-23_(reversed)	0	0	0	0	1	0	0	0	0	2	0	0	0	0	0	1	0	0	0	1	0	0	1	1	0	0	0	0	0	0	0	1	1	3	0	0	0	0	0	0	0	0	0	0	1	0	0	0	0	1	0	0	1	0	1	2	0	0	0	2	0	0	3	0	0	0	0	0	0	1	0	0	0	1	0	1	0	1	0	0	0	1	2	3	0	1	0	0	0	1	0	2	0	0	42	2	0
H084_3LTR_SGA15_3-31-23_(reversed)	0	0	0	0	1	0	0	0	0	2	0	0	0	0	0	1	0	0	1	1	0	1	1	0	0	0	0	0	0	0	0	1	0	3	0	1	0	0	0	0	0	0	0	0	2	0	0	0	0	1	0	0	1	0	1	1	0	0	0	2	0	0	3	0	0	0	0	0	0	0	0	0	0	1	0	0	0	1	0	0	0	1	2	2	0	1	0	0	0	1	0	1	0	0	37	2	0
H084_3LTR_SGA16_3-31-23_(reversed)	0	0	0	0	1	0	0	0	0	2	0	0	0	0	0	1	0	0	0	1	0	1	1	1	0	0	0	0	0	0	0	1	1	3	0	0	0	0	0	0	0	0	0	0	1	0	0	0	0	1	0	0	1	0	1	2	0	0	0	2	0	0	3	0	0	0	0	0	0	0	0	0	0	1	0	1	0	1	0	0	0	1	2	3	0	1	0	0	0	1	0	2	0	0	43	1	0
H084_3LTR_SGA17_3-31-23_(reversed)	0	0	0	0	1	0	0	0	0	1	0	0	0	0	0	1	0	0	0	1	0	1	1	0	0	0	0	0	0	0	0	1	0	3	0	1	0	0	0	0	0	0	0	0	2	0	0	0	0	2	0	0	1	0	1	1	0	0	0	2	0	0	3	0	0	0	0	0	0	0	0	0	0	1	0	1	0	1	0	0	0	1	2	2	0	1	0	0	0	1	0	1	0	0	40	2	0
H084_3LTR_SGA18_3-31-23_(reversed)	0	0	0	0	1	0	0	0	0	2	0	0	0	0	0	1	0	0	0	0	0	1	1	0	0	0	0	0	0	0	0	1	0	3	0	1	0	0	0	0	0	0	0	0	2	0	0	0	0	1	0	0	1	0	1	1	0	0	0	2	0	0	3	0	0	0	0	0	0	0	0	0	0	1	0	1	0	1	0	0	0	1	2	2	0	1	0	0	0	1	0	1	0	0	41	2	0
H084_3LTR_SGA19_3-31-23_(reversed)	0	0	0	0	1	0	0	0	0	1	0	0	0	0	0	1	0	0	1	1	0	0	1	0	0	0	0	0	0	0	0	1	0	3	0	0	0	0	0	0	0	0	0	0	1	0	0	0	0	2	0	0	1	0	1	1	0	0	0	2	0	0	3	0	0	0	0	0	0	1	0	0	0	1	0	0	0	1	2	0	0	1	2	2	0	1	0	0	0	1	0	2	0	0	39	2	0
H084_3LTR_SGA1_3-31-23_(reversed)	0	0	0	0	1	0	0	0	0	2	0	0	0	0	0	1	0	0	0	1	0	1	1	1	0	0	0	0	0	0	0	1	1	3	0	0	0	0	0	0	0	0	0	0	1	0	0	0	0	1	0	0	1	0	1	2	0	0	0	3	0	0	3	0	0	0	0	0	0	0	0	0	0	1	0	1	0	1	0	0	0	1	2	3	0	1	0	0	0	1	0	2	0	0	41	2	0
H084_3LTR_SGA20_3-31-23_(reversed)	0	0	0	0	1	0	0	0	0	1	0	0	0	0	0	1	0	0	0	1	0	0	1	0	0	0	1	0	0	0	0	1	0	3	0	1	0	0	0	0	0	0	0	0	2	0	0	0	0	2	0	0	1	0	1	2	0	0	0	2	0	0	3	0	0	0	0	0	0	0	0	0	0	1	0	0	0	1	0	0	0	1	2	2	0	1	0	0	0	1	0	1	0	0	37	1	0
H084_3LTR_SGA21_3-31-23_(reversed)	0	0	0	0	1	0	0	0	0	0	0	0	0	0	0	2	0	0	0	1	0	0	1	0	0	0	0	0	0	0	0	1	0	3	0	1	0	0	0	0	0	0	0	0	2	0	0	0	0	2	0	0	1	0	1	1	0	0	0	2	0	0	3	0	0	0	0	0	0	1	0	0	0	1	0	0	0	1	0	0	0	1	2	3	0	1	0	0	0	1	0	2	0	0	40	1	0
H084_3LTR_SGA24_3-31-23_(reversed)	0	0	0	0	1	0	0	0	0	1	0	0	0	0	0	1	0	0	1	1	0	0	1	0	0	0	0	0	0	0	0	1	0	3	0	0	0	0	0	0	0	0	0	0	1	0	0	0	0	2	0	0	1	0	1	1	0	0	0	2	0	0	3	0	0	0	0	0	0	1	0	0	0	1	0	0	0	1	2	0	0	1	2	2	0	1	0	0	0	1	0	2	0	0	39	2	0
H084_3LTR_SGA25_3-31-23_(reversed)	0	0	0	0	1	0	0	0	0	2	0	0	0	0	0	1	0	0	0	1	0	1	1	1	0	0	0	0	0	0	0	1	1	3	0	0	0	0	0	0	0	0	0	0	1	0	0	0	0	1	0	0	1	0	1	2	0	0	0	2	0	0	3	0	0	0	0	0	0	0	0	0	0	1	0	1	0	1	0	0	0	1	2	3	0	1	0	0	0	1	0	2	0	0	42	2	0
H084_3LTR_SGA26_3-31-23	0	0	0	0	1	0	0	0	0	2	0	0	0	0	0	1	0	0	0	1	0	1	1	0	0	0	0	0	0	0	0	1	0	3	0	0	0	0	0	0	0	0	0	0	1	0	0	0	0	1	0	0	1	0	1	1	0	0	0	3	0	0	3	0	0	0	0	0	0	0	0	0	0	1	2	1	0	1	0	0	0	1	2	3	0	1	0	0	0	1	0	2	0	0	41	2	0
H084_3LTR_SGA3_3-31-23_(reversed)	0	0	0	0	1	0	0	0	0	1	0	0	0	0	0	1	0	0	1	1	0	0	1	0	0	0	0	0	0	0	0	1	0	3	0	0	0	0	0	0	0	0	0	0	1	0	0	0	0	2	0	0	1	0	1	1	0	0	0	2	0	0	3	0	0	0	0	0	0	1	0	0	0	1	0	0	0	1	2	0	0	1	2	2	0	1	0	0	0	1	0	2	0	0	39	2	0
H084_3LTR_SGA4_3-31-23_(reversed)	0	0	0	0	1	0	0	0	0	1	0	0	0	0	0	1	0	0	0	1	0	1	1	0	0	0	0	0	0	0	0	1	0	3	0	1	0	0	0	0	0	0	0	0	2	0	0	0	0	2	0	0	1	0	1	1	0	0	0	2	0	0	3	0	0	0	0	0	0	0	0	0	0	1	0	1	0	1	0	0	0	1	2	2	0	1	0	0	0	1	0	1	0	0	40	2	0
H084_3LTR_SGA5_3-31-23_(reversed)	0	0	0	0	1	0	0	0	0	1	0	0	0	0	0	1	0	0	0	1	0	1	1	0	0	0	0	0	0	0	0	1	0	3	0	1	0	0	0	0	0	0	0	0	2	0	0	0	0	2	0	0	1	0	1	2	0	0	0	2	0	0	4	0	0	0	0	0	2	0	0	0	0	1	0	0	0	1	0	0	0	1	2	2	0	1	0	0	0	1	0	2	0	0	37	1	0
H084_3LTR_SGA6_3-31-23_(reversed)	0	0	0	0	1	0	0	0	0	1	0	0	0	0	0	1	0	0	0	1	0	1	1	0	0	0	0	0	0	0	0	1	0	3	0	1	0	0	0	0	0	0	0	0	2	0	0	0	0	2	0	0	1	0	1	1	0	0	0	2	0	0	3	0	0	0	0	0	0	0	0	0	0	1	0	1	0	1	0	0	0	1	2	2	0	1	0	0	0	1	0	1	0	0	40	2	0
H084_3LTR_SGA7_3-31-23_(reversed)	0	0	0	0	1	0	0	0	0	1	0	0	0	0	0	1	0	0	0	0	0	1	1	0	0	0	0	0	0	0	0	1	0	3	0	1	0	0	0	0	0	0	0	0	2	0	0	0	0	2	0	0	1	0	1	1	0	0	0	3	0	0	3	0	0	0	0	0	0	0	0	0	0	1	0	1	0	1	0	0	0	1	2	2	0	1	0	0	0	1	0	1	0	0	38	2	0
H084_3LTR_SGA8_3-31-23_(reversed)	0	0	0	0	0	0	0	0	0	2	0	0	0	0	0	3	0	0	0	0	0	1	1	0	0	0	0	0	0	0	0	1	0	3	0	1	0	0	0	0	0	0	0	0	2	0	0	0	0	1	0	0	1	0	1	1	0	1	0	2	0	0	3	0	0	0	0	0	0	0	0	0	0	1	0	1	0	1	0	0	0	1	2	3	0	1	0	0	0	0	0	1	0	0	40	2	0
H084_3LTR_SGA9_3-31-23_(reversed)	0	0	0	0	1	0	0	0	0	1	0	0	0	0	0	1	0	0	1	0	0	1	1	0	0	0	0	0	0	0	0	1	0	3	0	1	0	0	0	1	0	0	0	0	2	0	0	0	0	2	0	0	1	0	1	2	0	1	0	2	0	0	1	0	0	0	0	0	0	0	0	0	0	1	0	1	1	1	0	0	0	1	1	3	0	1	0	0	0	0	0	1	0	0	40	2	0
H084_5LTR_SGA10_4-24-23	0	0	0	0	1	0	0	0	0	2	0	0	0	0	0	3	0	0	0	1	0	1	1	0	0	0	0	0	0	0	0	1	0	3	0	1	0	0	0	0	0	0	0	0	2	0	0	0	0	0	0	0	2	0	1	1	0	0	0	3	0	0	3	0	0	0	0	0	0	0	0	0	0	1	0	1	0	1	0	0	0	1	2	1	0	1	0	0	0	1	0	1	0	0	38	2	0
H084_5LTR_SGA11_4-24-23	0	0	0	0	1	0	0	0	0	1	0	0	0	0	0	2	0	0	0	1	0	1	1	0	0	0	0	0	0	0	0	2	0	3	0	2	0	0	0	0	0	0	0	0	1	0	0	0	0	0	0	0	2	0	1	2	0	0	0	2	0	0	4	0	0	0	0	0	0	0	0	0	0	1	0	1	0	1	0	0	0	1	2	2	0	1	0	0	0	0	0	3	0	0	37	2	0
H084_5LTR_SGA12_4-24-23	0	0	0	0	1	0	0	0	0	1	0	0	0	0	0	1	0	0	0	1	0	1	1	0	0	0	0	0	0	0	0	1	0	3	0	1	0	0	0	0	0	1	1	0	2	0	0	0	0	1	0	0	2	0	1	1	0	0	0	2	0	0	3	0	0	0	0	0	0	0	0	0	0	1	0	1	0	1	0	0	0	1	2	2	0	1	0	0	0	1	0	1	0	0	41	2	0
H084_5LTR_SGA13_4-24-23	0	0	0	0	0	0	0	0	0	2	0	0	0	0	0	3	0	0	0	0	0	1	1	0	0	0	0	0	0	0	0	2	0	3	0	1	0	0	0	0	0	0	0	0	2	0	0	0	2	0	0	0	2	0	1	1	0	0	0	2	0	0	3	0	0	0	0	0	2	0	0	0	0	1	0	0	0	1	0	0	0	1	2	2	0	1	0	1	0	0	0	1	0	0	39	2	0
H084_5LTR_SGA14_4-24-23	0	0	0	0	1	0	0	0	0	1	0	0	0	0	0	2	0	0	0	1	0	1	1	1	0	0	0	0	0	0	0	1	1	3	0	1	0	0	0	0	0	0	0	0	2	0	0	0	0	1	0	0	2	0	1	2	0	0	0	2	0	0	3	0	0	0	0	0	0	0	0	0	0	1	0	1	0	1	0	0	0	1	2	3	0	1	0	0	0	1	0	1	0	0	41	2	0
H084_5LTR_SGA16_4-24-23	0	0	0	0	1	0	0	0	0	1	0	0	0	0	0	2	0	0	0	1	0	1	1	0	0	0	0	0	0	0	0	1	0	3	0	1	0	0	0	0	0	0	0	0	2	0	0	0	0	1	0	0	2	0	1	2	0	0	0	2	0	0	3	0	0	0	0	0	0	0	0	0	0	1	0	0	0	1	0	0	0	1	2	1	0	1	0	0	0	1	0	1	0	0	40	2	0
H084_5LTR_SGA17_4-24-23	0	0	0	0	1	0	0	0	0	1	0	0	0	0	0	2	0	0	1	1	0	1	1	0	0	0	0	0	0	0	0	1	0	3	0	1	0	0	0	0	0	0	0	0	2	0	0	0	0	1	0	0	2	0	1	1	0	0	0	2	0	0	3	0	0	0	0	0	0	0	0	0	0	1	0	0	0	1	0	0	0	1	2	2	0	1	0	0	0	1	0	2	0	0	38	2	0
H084_5LTR_SGA18_4-24-23_(reversed)	0	0	0	0	1	0	0	0	0	2	0	0	0	0	0	2	0	0	1	0	0	1	1	1	0	0	0	0	0	0	0	1	0	3	0	0	0	0	0	0	0	0	0	0	1	0	0	0	0	0	0	0	2	0	1	2	0	0	0	3	0	0	3	0	0	0	0	0	0	0	0	0	0	1	0	1	0	1	0	0	0	1	2	3	0	1	0	0	0	1	0	2	0	0	42	2	0
H084_5LTR_SGA19_4-24-23_(reversed)	0	0	0	0	1	0	0	0	0	1	0	0	0	0	0	2	0	0	0	1	0	1	1	0	0	0	0	0	0	0	0	0	0	3	0	1	0	0	0	0	0	1	1	0	2	0	0	0	0	1	0	0	2	0	1	1	0	0	0	2	0	0	3	0	0	0	0	0	0	0	0	0	0	1	0	1	0	1	0	0	0	1	2	1	0	1	0	0	0	1	0	2	0	0	44	2	0
H084_5LTR_SGA1_4-24-23	0	0	0	0	1	0	0	0	0	1	0	0	0	0	0	2	0	0	0	1	0	1	1	0	0	0	0	0	0	0	0	1	0	3	0	1	0	0	0	0	0	0	0	0	2	0	0	0	0	1	0	0	2	0	1	1	0	0	0	2	0	0	3	0	0	0	0	0	0	0	0	0	0	1	0	1	0	1	0	0	0	1	2	2	0	1	0	0	0	1	0	1	0	0	41	2	0
H084_5LTR_SGA20_4-24-23	0	0	0	0	1	0	0	0	0	2	0	0	0	0	0	2	0	0	0	1	0	1	1	1	0	0	0	0	0	0	0	1	1	3	0	0	0	0	0	0	0	0	0	0	1	0	0	0	0	0	0	0	2	0	1	2	0	0	0	2	0	0	3	0	0	0	0	0	0	0	0	0	0	1	0	1	0	1	0	0	0	1	2	3	0	1	0	0	0	1	0	2	0	0	43	2	0
H084_5LTR_SGA21_4-24-23	0	0	0	0	1	0	0	0	0	2	0	0	0	0	0	2	0	0	0	1	0	1	1	1	0	0	0	0	0	0	0	1	1	3	0	0	0	0	0	0	0	0	0	0	1	0	0	0	0	0	0	0	2	0	1	2	0	0	0	2	0	0	3	0	0	0	0	0	0	0	0	0	0	1	0	1	0	1	0	0	0	1	1	3	0	1	0	0	0	1	0	3	0	0	44	2	0
H084_5LTR_SGA22_4-24-23	0	0	0	0	1	0	0	0	0	3	0	0	0	0	0	2	0	0	1	0	0	0	1	0	0	0	0	0	0	0	0	1	0	3	0	0	0	0	0	0	0	0	0	0	1	0	0	0	0	0	0	0	2	0	0	3	0	1	0	2	0	0	3	0	0	0	1	0	0	1	0	0	0	0	0	0	0	0	0	0	0	1	1	1	0	1	0	0	0	1	0	3	0	0	42	2	0
H084_5LTR_SGA23_4-24-23	0	0	0	0	1	0	0	0	0	2	0	0	0	0	0	2	0	0	0	1	0	1	1	1	0	0	0	0	0	0	0	1	1	3	0	0	0	0	0	0	1	0	0	0	1	0	0	0	0	0	0	0	2	0	1	2	0	0	0	3	0	0	3	0	0	0	0	0	0	0	0	0	0	1	0	1	0	1	0	0	0	1	2	2	0	1	0	0	0	1	0	2	0	0	42	2	0
H084_5LTR_SGA24_4-24-23	0	0	0	0	1	0	0	0	0	2	0	0	0	0	0	2	0	0	0	0	0	1	1	1	0	0	0	0	0	0	0	1	1	3	0	0	0	0	0	0	0	0	0	0	1	0	0	0	0	0	0	0	2	0	1	2	0	0	0	2	0	0	3	0	0	0	0	0	0	0	0	0	0	1	0	1	0	1	0	0	0	1	1	3	0	1	0	0	0	1	0	2	0	0	43	2	0
H084_5LTR_SGA25_4-24-23	0	0	0	0	1	0	0	0	0	2	0	0	0	0	0	2	0	0	0	1	0	1	1	1	0	0	0	0	0	0	0	1	1	3	0	0	0	0	0	0	0	0	0	0	1	0	0	0	0	0	0	0	2	0	1	2	0	0	0	2	0	0	3	0	0	0	0	0	0	0	0	0	0	1	0	1	0	1	0	0	0	1	2	3	0	1	0	0	0	1	0	2	0	0	43	2	0
H084_5LTR_SGA26_4-24-23	0	0	0	0	1	0	0	0	0	1	0	0	0	0	0	2	0	0	0	1	0	1	1	1	0	0	0	0	0	0	0	1	1	3	0	1	0	0	0	0	0	0	0	0	2	0	0	0	0	1	0	0	2	0	1	2	0	0	0	2	0	0	3	0	0	0	0	0	0	0	0	0	0	1	0	1	0	1	0	0	0	1	2	3	0	1	0	0	0	1	0	1	0	0	41	2	0
H084_5LTR_SGA2_4-24-23_(reversed)	0	0	0	0	0	0	0	0	0	2	0	0	0	0	0	3	0	0	0	0	0	1	1	1	0	0	0	0	0	0	0	2	1	3	0	1	0	0	0	0	0	0	0	0	2	0	0	0	2	0	0	0	2	0	1	2	0	0	0	2	0	0	3	0	0	0	0	0	2	0	0	0	0	1	0	1	0	1	0	0	0	1	2	2	0	1	0	1	0	0	0	1	0	0	41	2	0
H084_5LTR_SGA3_4-24-23	0	0	0	0	1	0	0	0	0	1	0	0	0	0	0	1	0	0	0	1	0	1	1	0	0	0	0	0	0	0	0	0	0	3	0	1	0	0	0	0	0	0	1	0	2	0	0	0	0	1	0	0	2	0	1	1	0	0	0	2	0	0	3	0	0	0	0	0	0	0	0	0	0	1	0	1	0	1	0	0	0	1	2	2	0	1	0	0	0	1	0	1	0	0	42	2	0
H084_5LTR_SGA4_4-24-23	0	0	0	0	1	0	0	0	0	1	0	0	0	0	0	2	0	0	0	1	0	1	1	1	0	0	0	0	0	0	0	1	1	3	0	1	0	0	0	0	0	0	0	0	2	0	0	0	0	1	0	0	2	0	1	2	0	0	0	2	0	0	3	0	0	0	0	0	0	0	0	0	0	1	0	1	0	1	0	0	0	1	2	3	0	1	0	0	0	1	0	1	0	0	41	2	0
H084_5LTR_SGA5_4-24-23	0	0	0	0	1	0	0	0	0	2	0	0	0	0	0	2	0	0	0	1	0	1	1	1	0	0	0	0	0	0	0	1	1	3	0	0	0	0	0	0	0	0	0	0	1	0	0	0	0	0	0	0	2	0	1	2	0	0	0	2	0	0	3	0	0	0	0	0	0	0	0	0	0	1	0	1	0	1	0	0	0	1	2	3	0	1	0	0	0	1	0	2	0	0	43	2	0
H084_5LTR_SGA6_4-24-23	0	0	0	0	0	0	0	0	0	1	0	0	0	0	0	3	0	0	0	0	0	1	1	1	0	0	0	0	0	0	0	1	1	3	0	0	0	0	0	0	0	0	0	0	1	0	0	0	0	0	0	0	2	0	1	2	0	1	0	2	0	0	3	0	0	0	0	0	0	0	0	0	0	1	0	1	0	1	0	0	0	1	2	3	0	1	0	0	0	1	0	2	0	0	44	2	0
H084_5LTR_SGA8_4-24-23	0	0	0	0	1	0	0	0	0	1	0	0	0	0	0	2	0	0	0	1	0	1	1	1	0	0	0	0	0	0	0	1	1	3	0	1	0	0	0	0	0	0	0	0	2	0	0	0	0	1	0	0	2	0	1	2	0	0	0	2	0	0	3	0	0	0	0	0	0	0	0	0	0	1	0	1	0	1	0	0	0	1	2	3	0	1	0	0	0	1	0	1	0	0	41	2	0
H084_5LTR_SGA9_4-24-23_(reversed)	0	0	0	0	1	0	0	0	0	2	0	0	0	0	0	1	0	0	0	0	0	1	1	1	0	0	0	0	0	0	0	1	1	3	0	0	0	0	0	0	0	0	0	0	1	0	0	0	0	0	0	0	1	0	0	2	0	0	0	2	0	0	3	0	0	0	0	0	0	0	0	0	0	1	0	1	0	1	0	0	0	0	2	3	0	1	0	0	0	1	0	2	0	0	45	2	0
H31_3LTR_SGA1_Feb(reversed)	1	0	1	0	1	0	0	1	0	1	0	0	0	0	0	2	0	0	0	0	0	1	0	0	0	0	0	0	0	0	1	0	1	2	1	0	0	0	0	0	0	0	0	0	1	0	0	0	0	1	0	0	2	0	2	1	0	0	0	2	0	0	5	0	0	0	0	1	2	0	0	0	0	1	0	0	0	0	0	1	0	2	2	0	0	1	0	0	0	0	0	2	0	0	41	1	0
H31_3LTR_SGA1_Mar_(reversed)	1	0	1	0	1	0	0	1	0	1	0	0	0	0	0	2	0	0	0	0	0	1	0	0	0	0	0	0	0	0	1	0	1	2	1	0	0	0	0	0	0	0	0	0	1	0	0	0	0	1	0	0	2	0	2	1	0	0	0	2	0	0	5	0	0	0	0	1	2	0	0	0	0	1	0	0	0	0	0	1	0	2	2	0	0	1	0	0	0	0	0	2	0	0	41	1	0
M101_3LTR_SGA1_8-14-23_(reversed)	0	0	0	0	0	0	0	1	1	0	0	0	0	0	0	4	0	0	0	0	0	1	0	0	0	0	0	0	0	0	1	0	1	2	0	1	0	0	2	0	0	0	0	0	1	0	0	0	2	2	0	1	1	0	0	1	0	0	0	2	1	0	4	0	0	0	0	0	1	0	0	0	0	1	2	0	0	0	0	0	0	0	2	1	0	1	0	0	1	0	0	4	0	0	43	1	0
M101_3LTR_SGA2_8-14-23_(reversed)	0	0	0	0	1	0	0	1	1	0	0	0	0	0	0	3	0	0	0	0	0	1	0	0	0	0	0	0	0	0	1	0	1	2	0	1	0	0	0	0	0	0	0	0	1	0	0	0	2	2	0	1	1	0	0	1	0	0	0	2	1	0	4	0	0	0	0	0	1	0	0	0	0	1	2	0	0	0	0	0	0	1	1	2	0	1	0	0	1	0	0	4	0	0	45	1	0
M101_3LTR_SGA3_8-14-23_(reversed)	0	0	0	0	1	0	0	1	0	0	0	0	0	0	0	3	0	0	0	0	0	1	0	0	0	0	0	0	0	0	1	0	1	2	0	2	0	0	0	0	0	0	0	0	1	0	0	0	2	2	0	1	1	0	0	1	0	0	0	2	1	0	4	0	0	0	0	0	1	0	0	0	0	1	2	0	0	0	0	0	0	1	2	1	0	1	0	0	1	0	0	4	0	0	46	1	0
M101_3LTR_SGA4_8-14-23_(reversed)	0	0	0	0	1	0	0	1	1	0	0	0	0	0	0	3	0	0	0	0	0	1	0	0	0	0	0	0	1	0	1	0	1	2	1	1	0	0	0	0	0	0	0	0	1	0	0	0	2	2	0	1	1	0	0	1	0	0	0	2	1	0	4	0	0	0	0	0	1	0	0	0	0	1	2	0	0	0	0	0	0	1	2	1	0	1	0	0	1	0	0	4	0	0	44	1	0
M101_5LTR_SGA1_4-24-23	0	0	0	0	0	0	0	1	0	0	0	0	0	0	0	5	0	0	0	0	0	1	0	0	0	0	0	0	0	0	1	0	1	2	0	1	0	0	0	0	0	0	0	1	1	0	0	0	2	1	0	1	2	0	0	1	0	0	0	2	1	0	3	0	0	0	0	0	1	0	0	0	0	1	2	0	0	0	0	0	0	1	2	1	0	1	0	0	1	0	0	4	0	0	45	1	0
M101_5LTR_SGA2_4-24-23_(reversed)	0	0	0	0	1	0	0	1	0	0	0	0	0	0	0	3	0	0	0	0	0	1	0	0	0	0	0	0	0	0	1	0	1	2	0	1	0	0	1	0	0	0	0	0	1	0	0	0	2	1	0	1	1	0	0	1	0	0	0	2	1	0	3	0	0	0	0	0	1	0	0	0	0	1	1	0	0	0	0	0	0	0	2	1	0	1	0	0	1	0	0	4	0	0	45	1	0
M101_5LTR_SGA3_4-24-23	0	0	0	0	1	0	0	1	1	0	0	0	0	0	0	3	0	0	0	0	0	1	0	0	0	0	0	0	0	0	1	0	1	2	0	2	0	0	0	0	0	0	0	0	1	0	0	0	2	1	0	0	1	0	0	2	0	0	0	1	1	0	3	0	0	0	0	0	1	0	0	0	0	1	2	0	0	0	0	0	0	1	2	1	0	1	0	0	1	0	0	4	0	0	45	1	0
M101_5LTR_SGA4_4-24-23	0	0	0	0	1	0	0	1	1	0	0	0	0	0	0	3	0	0	0	0	0	1	0	0	0	0	0	0	0	0	1	0	1	3	0	3	0	0	0	0	0	0	0	1	1	0	0	0	2	1	0	1	1	0	0	1	0	0	0	2	1	0	3	0	0	0	0	0	1	0	0	0	0	1	2	0	0	0	0	0	0	0	2	1	0	1	0	0	1	0	0	4	0	0	43	1	0
M101_5LTR_SGA5_4-24-23	0	0	0	0	0	0	0	1	1	0	0	0	0	0	0	4	0	0	0	0	0	1	0	0	0	0	0	0	0	0	1	0	1	3	0	2	0	0	0	0	0	0	0	0	1	0	0	0	2	1	0	1	1	0	0	1	0	0	0	2	1	0	3	0	0	0	0	0	1	0	0	0	0	1	2	0	0	0	0	0	0	1	2	1	0	1	0	0	1	0	0	4	0	0	42	1	0
M101_5LTR_SGA6_4-24-23	0	0	0	0	1	0	0	0	0	0	0	0	0	0	0	4	0	0	1	0	0	1	0	0	0	0	0	0	0	0	1	0	1	2	0	1	0	0	0	0	0	0	0	0	1	0	0	0	2	1	0	0	2	0	0	0	0	0	0	1	1	0	1	0	0	0	0	0	0	0	0	0	0	1	2	0	0	0	0	0	0	1	2	1	0	1	0	1	1	0	0	3	0	0	40	2	0
M101_5LTR_SGA7_4-24-23	0	0	0	0	0	0	0	1	1	0	0	0	0	0	0	5	0	0	0	0	0	1	0	0	0	0	0	0	0	0	1	0	1	2	0	1	0	0	0	0	0	0	0	0	1	0	0	0	2	1	0	1	2	0	0	1	0	0	0	2	1	0	3	0	0	0	0	0	1	0	0	0	0	1	2	0	0	0	0	0	0	1	2	1	0	1	0	0	1	0	0	4	0	0	44	1	0
M102_3LTR_SGA10_11-10-23	0	0	0	0	1	1	0	0	0	0	0	0	0	0	0	3	0	0	1	0	0	0	1	1	0	0	0	0	0	0	0	1	0	3	0	3	0	0	0	0	0	0	0	0	0	0	0	0	0	1	0	2	1	0	0	1	0	0	0	2	0	0	3	0	0	0	0	0	0	0	0	0	0	6	1	0	0	0	2	0	0	0	2	0	0	2	0	0	0	0	0	2	1	0	37	3	0
M102_3LTR_SGA1_4-24-23_(reversed)	0	0	0	0	1	0	0	0	0	0	0	0	0	0	0	2	0	0	1	0	0	0	1	1	0	0	0	0	0	0	0	1	0	3	0	3	0	0	0	0	0	0	0	0	0	0	0	0	0	1	0	2	1	0	0	1	0	0	0	2	0	0	3	0	0	0	0	0	0	0	0	0	0	6	1	0	0	0	2	0	0	0	2	0	0	2	0	0	0	0	0	2	1	0	38	3	0
M102_3LTR_SGA2_4-24-23_(reversed)	0	0	0	0	1	0	0	0	0	0	0	0	0	0	0	2	0	0	1	0	0	0	1	1	0	0	0	0	0	0	0	1	0	3	0	3	0	0	0	0	0	0	0	0	0	0	0	0	0	1	0	2	1	0	0	1	0	0	0	2	0	0	3	0	0	0	0	0	0	0	0	0	0	6	1	0	0	0	2	0	0	0	2	0	0	2	0	0	0	0	0	2	1	0	38	3	0
M102_3LTR_SGA3_4-24-23_(reversed)	0	0	0	0	1	0	0	0	0	0	0	0	0	0	0	2	0	0	1	0	0	0	1	1	0	0	0	0	0	0	0	1	0	3	0	3	0	0	0	0	0	0	0	0	0	0	0	0	0	1	0	2	1	0	0	1	0	0	0	2	0	0	3	0	0	0	0	0	0	0	0	0	0	6	1	0	0	0	2	0	0	0	2	0	0	2	0	0	0	0	0	2	1	0	38	3	0
M102_3LTR_SGA4_4-24-23_(reversed)	0	0	0	0	1	0	0	0	0	0	0	0	0	0	0	2	0	0	1	0	0	0	1	1	0	0	0	0	0	0	0	1	0	3	0	3	0	0	0	0	0	0	0	0	0	0	0	0	0	1	0	2	1	0	0	1	0	0	0	2	0	0	3	0	0	0	0	0	0	0	0	0	0	6	1	0	0	0	2	0	0	0	2	0	0	2	0	0	0	0	0	2	1	0	38	3	0
M102_3LTR_SGA5_11-10-23_(reversed)	0	0	0	0	1	1	0	0	0	0	0	0	0	0	0	3	0	0	1	0	0	0	1	1	0	0	0	0	0	0	0	1	0	3	0	3	0	0	0	0	0	0	0	0	0	0	0	0	0	1	0	2	1	0	0	1	0	0	0	2	0	0	3	0	0	0	0	0	0	0	0	0	0	6	1	0	0	0	2	0	0	0	2	0	0	2	0	0	0	0	0	2	1	0	37	3	0
M102_3LTR_SGA6_11-10-23	0	0	0	0	1	1	0	0	0	0	0	0	0	0	0	3	0	0	1	0	0	0	1	1	0	0	0	0	0	0	0	1	0	3	0	3	0	0	0	0	0	0	0	0	0	0	0	0	0	1	0	2	1	0	0	1	0	0	0	2	0	0	3	0	0	0	0	0	0	0	0	0	0	6	1	0	0	0	2	0	0	0	2	0	0	2	0	0	0	0	0	2	1	0	37	3	0
M102_3LTR_SGA7_11-10-23	0	0	0	0	1	1	0	0	0	0	0	0	0	0	0	4	0	0	1	0	0	0	1	1	0	0	0	0	0	0	0	1	0	3	0	3	0	0	0	0	0	0	0	0	0	0	0	0	0	1	0	2	2	0	0	1	0	0	0	2	0	0	3	0	0	0	0	0	0	0	0	0	0	6	1	0	0	0	2	0	0	0	2	0	0	2	0	0	0	0	0	2	1	0	37	3	0
M102_3LTR_SGA8_11-10-23_(reversed)	0	0	0	0	1	1	0	0	0	0	0	0	0	0	0	3	0	0	1	0	0	0	1	1	0	0	0	0	0	0	0	1	0	3	0	3	0	0	0	0	0	0	0	0	0	0	0	0	0	1	0	2	1	0	0	1	0	0	0	2	0	0	3	0	0	0	0	0	0	0	0	0	0	6	1	0	0	0	2	0	0	0	2	0	0	2	0	0	0	0	0	2	1	0	37	3	0
M102_3LTR_SGA9_11-10-23	0	0	0	0	1	1	0	0	0	0	0	0	0	0	0	4	0	0	1	0	0	0	1	1	0	0	0	0	0	0	0	1	0	3	0	3	0	0	0	0	0	0	0	0	0	0	0	0	0	1	0	2	2	0	0	1	0	0	0	2	0	0	3	0	0	0	0	0	0	0	0	0	0	6	1	0	0	0	2	0	0	0	2	0	0	2	0	0	0	0	0	2	1	0	37	3	0
M102_5LTR_SGA10_(reversed)	0	0	0	0	1	1	0	0	0	0	0	0	0	0	0	4	0	0	1	0	0	0	1	1	0	0	0	0	0	0	0	1	0	3	0	3	0	0	0	0	0	0	0	0	0	0	0	0	0	0	0	2	2	0	0	1	0	0	0	2	0	0	3	0	0	0	0	0	0	0	0	0	0	6	1	0	0	0	2	0	0	0	2	0	0	2	0	0	0	0	0	2	1	0	38	3	0
M102_5LTR_SGA11_(reversed)	0	0	0	0	1	1	0	0	0	0	0	0	0	0	0	4	0	0	1	0	0	0	1	1	0	0	0	0	0	0	0	1	0	3	0	3	0	0	0	0	0	0	0	0	0	0	0	0	0	0	0	2	2	0	0	1	0	0	0	2	0	0	3	0	0	0	0	0	0	0	0	0	0	6	1	0	0	0	2	0	0	0	2	0	0	2	0	0	0	0	0	2	1	0	38	3	0
M102_5LTR_SGA12_(reversed)	0	0	0	0	1	1	0	0	0	0	0	0	0	0	0	4	0	0	1	0	0	0	1	1	0	0	0	0	0	0	0	1	0	3	0	3	0	0	0	0	0	0	0	0	0	0	0	0	0	0	0	2	2	0	0	1	0	0	0	2	0	0	3	0	0	0	0	0	0	0	0	0	0	6	1	0	0	0	2	0	0	0	2	0	0	2	0	0	0	0	0	2	1	0	38	3	0
M102_5LTR_SGA13_(reversed)	0	0	0	0	1	1	0	0	0	0	0	0	0	0	0	4	0	0	1	0	0	0	1	1	0	0	0	0	0	0	0	1	0	3	0	3	0	0	0	0	0	0	0	0	0	0	0	0	0	0	0	2	2	0	0	1	0	0	0	2	0	0	3	0	0	0	0	0	0	0	0	0	0	6	1	0	0	0	2	0	0	0	2	0	0	2	0	1	0	0	0	2	1	0	37	3	0
M102_5LTR_SGA14	0	0	0	0	1	1	0	0	0	0	0	0	0	0	0	4	0	0	1	0	0	0	1	1	0	0	0	0	0	0	0	1	0	3	0	3	0	0	0	0	0	0	0	0	0	0	0	0	0	0	0	2	2	0	0	1	0	0	0	2	0	0	3	0	0	0	0	0	0	0	0	0	0	6	1	0	0	0	2	0	0	0	2	0	0	2	0	0	0	0	0	2	1	0	38	3	0
M102_5LTR_SGA15	0	0	0	0	1	1	0	0	0	0	0	0	0	0	0	4	0	0	1	0	0	0	1	1	0	0	0	0	0	0	0	1	0	3	0	3	0	0	0	0	0	0	0	0	0	0	0	0	0	0	0	2	2	0	0	1	0	0	0	2	0	0	3	0	0	0	0	0	0	0	0	0	0	6	1	0	0	0	2	0	0	0	2	0	0	2	0	0	0	0	0	2	1	0	38	3	0
M102_5LTR_SGA16_(reversed)	0	0	0	0	1	1	0	0	0	0	0	0	0	0	0	4	0	0	1	0	0	0	1	1	0	0	0	0	0	0	0	1	0	3	0	3	0	0	0	0	0	0	0	0	0	0	0	0	0	0	0	2	2	0	0	1	0	0	0	2	0	0	3	0	0	0	0	0	0	0	0	0	0	6	1	0	0	0	2	0	0	0	2	0	0	2	0	0	0	0	0	2	1	0	38	3	0
M102_5LTR_SGA17_(reversed)	0	0	0	0	1	1	0	0	0	0	0	0	0	0	0	4	0	0	1	0	0	0	1	1	0	0	0	0	0	0	0	1	0	3	0	3	0	0	0	0	0	0	0	0	0	0	0	0	0	0	0	2	2	0	0	1	0	0	0	2	0	0	3	0	0	0	0	0	0	0	0	0	0	6	1	0	0	0	2	0	0	0	2	0	0	2	0	0	0	0	0	2	1	0	38	3	0
M102_5LTR_SGA18_(reversed)	0	0	0	0	1	1	0	0	0	0	0	0	0	0	0	4	0	0	1	0	0	0	1	1	0	0	0	0	0	0	0	1	0	3	0	3	0	0	0	0	0	0	0	0	0	0	0	0	0	0	0	2	2	0	0	1	0	0	0	2	0	0	3	0	0	0	0	0	0	0	0	0	0	6	1	0	0	0	2	0	0	0	2	0	0	2	0	0	0	0	0	2	1	0	38	3	0
M102_5LTR_SGA19	0	0	0	0	1	1	0	0	0	0	0	0	0	0	0	4	0	0	1	0	0	0	1	1	0	0	0	0	0	0	0	1	0	3	0	3	0	0	0	0	0	0	0	0	0	0	0	0	0	0	0	2	2	0	0	1	0	0	0	2	0	0	3	0	0	0	0	0	0	0	0	0	0	6	1	0	0	0	2	0	0	0	2	0	0	2	0	0	0	0	0	2	1	0	38	3	0
M102_5LTR_SGA1_(reversed)	0	0	0	0	1	1	0	0	0	0	0	0	0	0	0	4	0	0	1	0	0	0	1	1	0	0	0	0	0	0	0	1	0	3	0	3	0	0	0	0	0	0	0	0	0	0	0	0	0	0	0	2	2	0	0	1	0	0	0	2	0	0	3	0	0	0	0	0	0	0	0	0	0	6	1	0	0	0	2	0	0	0	2	0	0	2	0	0	0	0	0	2	1	0	38	3	0
M102_5LTR_SGA20_(reversed)	0	0	0	0	1	1	0	0	0	0	0	0	0	0	0	4	0	0	1	0	0	0	1	1	0	0	0	0	0	0	0	1	0	3	0	3	0	0	0	0	0	0	0	0	0	0	0	0	0	0	0	2	2	0	0	1	0	0	0	2	0	0	3	0	0	0	0	0	0	0	0	0	0	6	1	0	0	0	2	0	0	0	2	0	0	2	0	0	0	0	0	2	1	0	38	3	0
M102_5LTR_SGA21_(reversed)	0	0	0	0	1	1	0	0	0	0	0	0	0	0	0	3	0	0	1	0	0	0	1	1	0	0	0	0	0	0	0	1	0	3	0	2	0	0	0	0	0	0	0	0	0	0	0	0	0	0	0	2	2	0	0	1	0	0	0	2	0	0	3	0	0	0	0	0	0	0	0	0	0	6	1	0	0	0	2	0	0	0	2	0	0	2	0	0	0	0	0	2	1	0	38	3	0
M102_5LTR_SGA22_(reversed)	0	0	0	0	1	1	0	0	0	0	0	0	0	0	0	4	0	0	1	0	0	0	1	1	0	0	0	0	0	0	0	1	0	3	0	3	0	0	0	0	0	0	0	0	0	0	0	0	0	0	0	2	2	0	0	1	0	0	0	2	0	0	3	0	0	0	0	0	0	0	0	0	0	6	1	0	0	0	2	0	0	0	2	0	0	2	0	0	0	0	0	2	1	0	38	3	0
M102_5LTR_SGA23_(reversed)	0	0	0	0	1	1	0	0	0	0	0	0	0	0	0	4	0	0	1	0	0	0	1	1	0	0	0	0	0	0	0	1	0	3	0	3	0	0	0	0	0	0	0	0	0	0	0	0	0	0	0	2	2	0	0	1	0	0	0	2	0	0	3	0	0	0	0	0	0	0	0	0	0	6	1	0	0	0	2	0	0	0	2	0	0	2	0	0	0	0	0	2	1	0	38	3	0
M102_5LTR_SGA24	0	0	0	0	1	1	0	0	0	0	0	0	0	0	0	4	0	0	1	0	0	0	1	1	0	0	0	0	0	0	0	1	0	3	0	3	0	0	0	0	0	0	0	0	0	0	0	0	0	0	0	2	2	0	0	1	0	0	0	2	0	0	3	0	0	0	0	0	0	0	0	0	0	6	1	0	0	0	2	0	0	0	2	0	0	2	0	0	0	0	0	2	1	0	38	3	0
M102_5LTR_SGA2_(reversed)	0	0	0	0	1	1	0	0	0	0	0	0	0	0	0	4	0	0	1	0	0	0	1	1	0	0	0	0	0	0	0	1	0	3	0	3	0	0	0	0	0	0	0	0	0	0	0	0	0	0	0	2	2	0	0	1	0	0	0	2	0	0	3	0	0	0	0	0	0	0	0	0	0	6	1	0	0	0	2	0	0	0	2	0	0	2	0	0	0	0	0	2	1	0	38	3	0
M102_5LTR_SGA3_(reversed)	0	0	0	0	1	1	0	0	0	0	0	0	0	0	0	4	0	0	1	0	0	0	1	1	0	0	0	0	0	0	0	1	0	3	0	3	0	0	0	0	0	0	0	0	0	0	0	0	0	0	0	2	2	0	0	1	0	0	0	2	0	0	3	0	0	0	0	0	0	0	0	0	0	6	1	0	0	0	2	0	0	0	2	0	0	2	0	0	0	0	0	2	1	0	38	3	0
M102_5LTR_SGA4_(reversed)	0	0	0	0	1	1	0	0	0	0	0	0	0	0	0	4	0	0	1	0	0	0	0	1	0	0	0	0	0	0	0	1	0	3	0	3	0	0	0	0	0	0	0	0	0	0	0	0	0	0	0	2	2	0	0	1	0	0	0	2	0	0	3	0	0	0	0	0	0	0	0	0	0	6	1	0	0	0	2	0	0	0	2	0	0	2	0	0	0	0	0	2	1	0	38	3	0
M102_5LTR_SGA5_(reversed)	0	0	0	0	1	1	0	0	0	0	0	0	0	0	0	4	0	0	1	0	0	0	1	1	0	0	0	0	0	0	0	1	0	3	0	3	0	0	0	0	0	0	0	0	0	0	0	0	0	0	0	2	2	0	0	1	0	0	0	2	0	0	3	0	0	0	0	0	0	0	0	0	0	6	1	0	0	0	2	0	0	0	2	0	0	2	0	0	0	0	0	2	1	0	38	3	0
M102_5LTR_SGA6	0	0	0	0	1	1	0	0	0	0	0	0	0	0	0	4	0	0	1	0	0	0	1	1	0	0	0	0	0	0	0	1	0	3	0	3	0	0	0	0	0	0	0	0	0	0	0	0	0	0	0	2	2	0	0	1	0	0	0	2	0	0	3	0	0	0	0	0	0	0	0	0	0	6	1	0	0	0	2	0	0	0	2	0	0	2	0	0	0	0	0	2	1	0	38	3	0
M102_5LTR_SGA7_(reversed)	0	0	0	0	1	1	0	0	0	0	0	0	0	0	0	4	0	0	1	0	0	0	1	1	0	0	0	0	0	0	0	1	0	3	0	3	0	0	0	0	0	0	0	0	0	0	0	0	0	0	0	2	2	0	0	1	0	0	0	2	0	0	3	0	0	0	0	0	0	0	0	0	0	6	1	0	0	0	2	0	0	0	2	0	0	2	0	0	0	0	0	2	1	0	38	3	0
M102_5LTR_SGA8_(reversed)	0	0	0	0	1	1	0	0	0	0	0	0	0	0	0	4	0	0	1	0	0	0	1	1	0	0	0	0	0	0	0	1	0	3	0	3	0	0	0	0	0	0	0	0	0	0	0	0	0	0	0	2	2	0	0	1	0	0	0	2	0	0	3	0	0	0	0	0	0	0	0	0	0	6	1	0	0	0	2	0	0	0	2	0	0	2	0	0	0	0	0	2	1	0	38	3	0
M102_5LTR_SGA9_(reversed)	0	0	0	0	1	1	0	0	0	0	0	0	0	0	0	4	0	0	1	0	0	0	1	1	0	0	0	0	0	0	0	1	0	3	0	3	0	0	0	0	0	0	0	0	0	0	0	0	0	0	0	2	2	0	0	1	0	0	0	2	0	0	3	0	0	0	0	0	0	0	0	0	0	6	1	0	0	0	2	0	0	0	2	0	0	2	0	0	0	0	0	2	1	0	38	3	0
M104_3LTR_SGA10	1	0	0	0	0	0	0	0	0	0	0	0	0	0	0	2	0	0	1	0	0	0	0	0	0	0	0	0	0	0	0	1	0	3	1	0	0	0	0	0	1	0	0	0	1	0	0	0	0	1	0	0	1	0	0	2	0	1	0	3	0	0	6	0	0	0	0	0	0	0	0	0	0	1	1	2	0	0	0	0	0	1	2	1	0	0	0	0	0	0	0	1	0	0	38	2	1
M104_3LTR_SGA11	1	0	0	0	0	0	0	0	0	1	0	0	0	0	0	3	0	0	1	0	0	0	0	0	0	0	0	0	0	0	0	0	0	3	1	0	0	0	0	0	1	0	0	0	1	0	0	0	0	1	0	0	1	0	0	4	0	1	0	3	1	0	5	0	0	0	0	0	0	0	0	0	0	1	1	0	0	0	0	0	0	1	2	1	0	0	0	0	0	0	0	1	0	0	37	2	1
M104_3LTR_SGA12_(reversed)	0	0	0	0	0	0	0	0	0	1	0	0	0	0	0	1	0	0	1	0	0	0	0	0	0	0	0	0	0	0	0	2	0	3	1	0	0	0	0	0	1	0	0	0	1	0	0	0	0	1	0	0	1	0	0	1	0	0	0	3	0	0	6	0	0	0	0	0	0	0	0	1	0	1	1	1	0	0	0	0	0	1	2	1	0	0	0	0	0	0	0	1	0	0	43	2	1
M104_3LTR_SGA13_(reversed)	0	0	0	0	0	0	0	0	0	1	0	0	0	0	0	3	0	0	1	0	0	0	0	0	0	0	0	0	0	0	0	1	0	2	1	0	0	0	0	0	2	0	0	1	1	0	0	0	0	1	0	1	2	0	1	4	0	1	0	4	0	0	6	0	0	0	0	0	0	0	0	1	0	1	1	0	0	0	0	0	0	1	1	1	0	0	0	0	0	0	0	1	0	0	32	2	1
M104_3LTR_SGA14_(reversed)	0	0	0	0	0	0	0	0	0	1	0	0	0	0	0	3	0	0	0	0	0	0	0	0	0	0	0	0	0	0	0	0	1	3	1	0	0	0	0	0	1	0	0	1	1	0	0	0	0	1	0	0	1	0	0	3	0	0	0	4	0	0	5	0	0	0	0	0	0	0	0	0	0	1	1	1	0	0	0	0	0	1	2	0	0	0	0	0	0	0	0	1	0	0	39	2	1
M104_3LTR_SGA15_(reversed)	0	0	0	0	0	0	0	0	0	1	0	0	0	0	0	1	0	0	0	0	0	0	0	0	0	0	0	0	0	0	0	1	0	2	1	0	0	0	0	0	2	0	0	0	1	0	0	0	0	1	0	0	1	0	0	3	0	1	0	4	1	0	6	0	0	0	0	0	0	0	0	0	0	1	1	2	0	0	0	0	0	1	2	0	0	0	0	0	0	0	0	1	0	0	39	2	1
M104_3LTR_SGA16	0	1	0	0	0	0	0	0	0	1	0	0	0	0	0	2	0	0	0	0	0	0	0	0	0	0	0	0	0	0	0	1	1	2	1	0	0	0	0	0	2	0	0	0	1	0	0	0	0	1	0	0	1	0	1	3	0	1	0	3	0	0	5	0	0	0	0	0	0	0	0	0	0	1	0	1	0	0	0	0	0	1	2	1	0	0	0	0	0	0	0	1	0	0	37	2	1
M104_3LTR_SGA17_(reversed)	0	0	0	0	0	0	0	0	0	1	0	0	0	0	0	1	0	0	0	0	0	0	0	0	0	0	0	0	0	0	0	1	0	2	1	0	0	0	0	0	2	0	0	0	1	0	0	0	0	1	0	0	1	0	1	1	0	1	0	3	0	0	5	0	0	0	0	0	0	0	0	0	0	1	1	1	0	0	0	0	0	2	2	0	0	0	0	0	0	0	0	1	0	0	38	2	1
M104_3LTR_SGA18_(reversed)	0	0	0	0	0	0	0	0	0	1	0	0	0	0	0	1	0	0	1	0	0	0	0	0	0	0	0	0	0	0	0	1	0	3	1	0	0	0	0	0	1	0	0	0	1	0	0	0	0	1	0	0	1	0	1	1	0	1	0	3	1	0	5	0	0	0	0	0	0	0	0	0	0	1	1	2	0	0	0	0	0	1	2	0	0	0	0	0	0	0	0	1	0	0	36	2	1
M104_3LTR_SGA19_(reversed)	0	0	0	0	0	0	0	0	0	1	0	0	0	0	0	1	0	0	1	0	0	0	0	0	0	0	0	0	0	0	0	0	0	3	1	0	0	0	0	0	1	0	0	0	1	0	0	0	0	1	0	0	1	0	0	2	0	1	0	3	0	0	5	0	0	0	0	0	0	0	0	0	0	1	1	1	0	0	0	0	0	1	2	1	0	0	0	0	0	0	0	2	0	0	38	2	1
M104_3LTR_SGA1_(reversed)	0	0	0	0	0	0	0	0	0	1	0	0	0	0	0	1	0	0	1	0	0	0	0	0	0	0	0	0	0	0	0	0	0	3	1	0	0	0	0	0	1	0	0	0	1	0	0	0	0	1	0	0	1	0	0	2	0	0	0	4	0	0	5	0	0	0	0	0	0	0	0	0	0	1	1	1	0	0	0	0	0	1	2	1	0	0	0	0	0	0	0	1	0	0	42	2	1
M104_3LTR_SGA20_(reversed)	1	0	0	0	1	0	0	0	0	1	0	0	0	0	0	3	0	0	0	0	0	0	0	0	0	0	0	0	0	0	0	1	1	1	1	0	0	0	0	0	2	0	0	0	1	0	0	0	0	1	0	0	1	0	1	1	0	0	0	3	0	0	5	0	0	0	0	0	0	0	0	0	0	1	1	2	0	0	0	0	0	1	2	1	0	0	0	0	0	0	0	1	0	0	37	2	1
M104_3LTR_SGA21_(reversed)	0	0	0	0	0	0	0	0	0	1	0	0	0	0	0	1	0	0	1	0	0	0	0	0	0	0	0	0	0	0	0	1	0	3	1	0	0	0	0	0	1	0	0	0	1	0	0	0	0	1	0	0	1	0	0	4	0	1	0	4	0	0	6	0	0	0	0	0	0	0	0	0	0	1	1	1	0	0	0	0	0	1	2	1	0	0	0	0	0	0	0	1	0	0	36	2	1
M104_3LTR_SGA22_(reversed)	0	0	0	0	0	0	0	0	0	1	0	0	0	0	0	2	0	0	1	0	0	0	0	0	0	0	0	0	0	0	0	1	0	2	1	0	0	0	0	0	2	0	0	1	1	0	0	0	0	1	0	0	2	0	1	2	0	1	0	3	0	0	5	0	0	0	0	0	0	0	0	1	0	1	1	1	0	0	0	0	0	1	1	1	0	0	0	0	0	0	0	2	0	0	33	2	1
M104_3LTR_SGA23_(reversed)	0	0	0	0	0	0	0	0	0	1	0	0	0	0	0	1	0	0	1	0	0	0	0	0	0	0	0	0	0	0	0	0	0	3	1	0	0	0	0	0	1	0	0	0	1	0	0	0	0	1	0	0	1	0	0	5	0	0	0	3	0	0	6	0	0	0	0	0	0	0	0	0	0	1	1	1	0	0	0	0	0	1	2	1	0	0	0	0	0	0	0	1	0	0	42	2	1
M104_3LTR_SGA24_(reversed)	0	0	0	0	0	0	0	0	0	1	0	0	0	0	0	3	0	0	1	0	0	0	0	0	0	0	0	0	0	0	0	1	0	2	1	0	0	0	0	0	2	0	0	1	1	0	0	0	0	1	0	1	2	0	1	4	0	1	0	4	0	0	6	0	0	0	0	0	0	0	0	1	0	1	1	0	0	0	0	0	0	1	1	1	0	0	0	0	0	0	0	1	0	0	32	2	1
M104_3LTR_SGA2_(reversed)	1	0	0	0	0	0	0	0	0	1	0	0	0	0	0	3	0	0	0	0	0	0	0	0	0	0	0	0	0	0	0	1	1	2	1	1	0	0	0	0	2	0	0	0	1	0	0	0	0	1	0	0	1	0	0	1	0	0	0	4	0	0	5	0	0	1	0	0	0	0	0	0	0	1	1	1	0	0	0	0	0	0	2	1	0	0	0	0	0	0	0	1	0	0	38	3	1
M104_3LTR_SGA3_(reversed)	0	0	0	0	0	0	0	0	0	1	0	0	0	0	0	3	0	0	1	0	0	0	0	0	0	0	0	0	0	0	0	1	0	2	1	0	0	0	0	0	2	0	0	1	1	0	0	0	0	1	0	1	2	0	1	4	0	1	0	4	0	0	6	0	0	0	0	0	0	0	0	1	0	1	1	0	0	0	0	0	0	1	1	1	0	0	0	0	0	0	0	1	0	0	32	2	1
M104_3LTR_SGA4_(reversed)	0	0	0	0	0	0	0	0	0	1	0	0	0	0	0	1	0	0	1	0	0	0	0	0	0	0	0	0	0	0	0	0	0	3	1	0	0	0	0	0	1	0	0	0	1	0	0	0	0	1	0	0	1	0	0	2	0	0	0	3	0	0	6	0	0	0	0	0	0	0	0	0	0	1	1	1	0	0	0	0	0	1	2	1	0	0	0	0	0	0	0	1	0	0	41	2	1
M104_3LTR_SGA5_(reversed)	0	0	0	0	0	0	0	0	0	1	0	0	0	0	0	1	0	0	1	0	0	0	0	0	0	0	0	0	0	0	0	1	0	3	1	0	0	0	0	0	1	0	0	0	1	0	0	0	0	1	0	0	1	0	0	2	0	0	0	4	0	0	7	0	0	0	0	0	0	0	0	0	0	1	1	1	0	0	0	0	0	1	2	1	0	0	0	0	0	0	0	1	0	0	41	2	1
M104_3LTR_SGA7_(reversed)	0	0	0	0	0	0	0	0	0	1	0	0	0	0	0	3	0	0	0	0	0	0	0	0	0	0	0	0	0	0	0	1	1	2	1	0	0	0	0	0	2	0	0	0	2	0	0	0	0	1	0	0	1	0	1	2	0	0	0	3	1	0	5	0	0	0	0	0	0	0	0	0	0	1	1	1	0	0	0	0	0	1	2	1	0	0	0	0	0	0	0	1	0	0	36	2	1
M104_3LTR_SGA8_(reversed)	0	0	0	0	0	0	0	0	0	1	0	0	0	0	0	2	0	0	1	0	0	0	0	0	0	0	0	0	0	0	0	0	0	3	1	0	0	0	0	0	1	0	0	0	1	0	0	0	0	1	0	0	1	0	0	4	0	1	0	4	0	0	6	0	0	0	0	0	0	0	0	0	0	1	1	1	0	0	0	0	0	1	2	1	0	0	0	0	0	0	0	1	0	0	39	2	1
M104_3LTR_SGA9_(reversed)	0	0	0	0	0	0	0	0	0	1	0	0	0	0	0	2	0	0	1	0	0	0	0	0	0	0	0	0	0	0	0	1	0	3	1	0	0	0	0	0	1	0	0	0	1	0	0	0	0	1	0	0	1	0	0	2	0	1	0	4	0	0	6	0	0	0	0	0	0	0	0	0	0	1	1	1	0	0	0	0	0	1	2	1	0	1	0	0	0	0	0	1	0	0	39	2	1
M104_5LTR_SGA10	0	0	0	0	0	0	0	0	0	1	0	0	0	0	0	3	0	0	0	0	0	0	0	0	0	0	0	0	0	0	0	1	1	3	1	1	0	0	0	0	1	0	0	0	1	0	0	0	0	0	0	0	1	0	1	1	0	1	0	3	0	0	5	0	0	0	0	0	0	0	0	0	0	1	1	1	0	0	0	0	0	2	2	0	0	0	0	0	0	0	0	1	0	0	38	2	1
M104_5LTR_SGA11_(reversed)	0	0	0	0	0	0	0	0	0	1	0	0	0	0	0	3	0	0	0	0	0	0	0	0	0	0	0	0	0	0	0	0	0	3	1	0	0	0	0	0	1	0	0	0	1	0	0	0	0	0	0	0	2	0	0	4	0	0	0	3	0	0	6	0	0	0	0	0	0	0	0	0	0	1	1	1	0	0	0	0	0	1	2	1	0	0	0	0	0	0	0	1	0	0	38	2	1
M104_5LTR_SGA12_(reversed)	1	0	0	0	0	0	0	0	0	1	0	0	0	0	0	2	0	0	0	0	0	0	0	0	0	0	0	0	0	0	0	0	1	4	1	1	0	0	0	0	1	0	0	0	1	0	0	0	0	0	0	0	1	0	0	2	0	1	0	3	0	0	5	0	0	0	0	0	0	0	0	0	0	1	1	1	0	0	0	0	0	1	2	1	0	0	0	0	0	0	0	1	0	0	42	2	1
M104_5LTR_SGA13	0	0	0	0	1	0	1	0	0	2	0	0	0	0	0	0	0	0	1	0	0	0	0	0	0	0	0	0	0	0	0	2	0	4	1	1	0	0	0	0	1	0	1	0	1	0	0	0	0	0	0	0	1	0	0	3	0	2	0	3	0	0	5	0	0	0	0	0	1	0	0	0	0	1	1	1	0	0	0	0	0	1	2	0	0	0	0	0	0	0	0	1	0	0	30	2	1
M104_5LTR_SGA16	1	0	0	0	0	0	0	0	0	1	0	0	0	0	0	2	0	0	0	0	0	0	0	0	0	0	0	0	0	0	0	2	0	3	1	1	0	0	0	0	2	0	0	0	1	0	0	0	0	0	0	0	1	0	0	2	0	0	0	4	0	0	6	0	0	0	0	0	0	0	0	0	0	1	1	2	0	0	0	0	0	1	2	1	0	0	0	0	0	0	0	1	0	0	42	2	1
M104_5LTR_SGA17	0	0	1	0	0	0	1	0	0	1	0	0	0	0	0	2	0	0	0	0	0	0	0	0	0	0	0	0	0	0	0	1	0	2	1	0	0	0	1	0	2	0	0	1	1	0	0	0	0	0	0	0	1	0	0	1	0	0	0	3	2	0	6	0	0	0	0	0	1	0	0	0	0	1	1	1	0	0	0	0	0	1	2	1	0	0	0	0	0	0	0	1	0	0	36	2	1
M104_5LTR_SGA18	1	0	0	0	0	0	0	0	0	1	0	0	0	0	0	2	0	0	0	0	0	0	0	0	0	0	0	0	0	0	0	2	0	3	1	1	0	0	0	0	2	0	0	0	1	0	0	0	0	0	0	0	1	0	0	2	0	0	0	4	0	0	6	0	0	0	0	0	0	0	0	0	0	1	1	2	0	0	0	0	0	1	2	1	0	0	0	0	0	0	0	1	0	0	42	2	1
M104_5LTR_SGA19	0	0	0	0	0	0	0	0	0	1	0	0	0	0	0	1	0	0	0	0	0	0	0	0	0	0	0	0	0	0	0	1	0	2	1	0	0	0	0	0	2	0	0	0	1	0	0	0	0	0	0	0	1	0	0	3	0	1	0	4	1	0	6	0	0	0	0	0	0	0	0	0	0	1	1	2	0	0	0	0	0	1	2	0	0	0	0	0	0	0	0	1	0	0	40	2	1
M104_5LTR_SGA1_(reversed)	1	0	0	0	0	0	1	0	0	1	0	0	0	0	0	2	0	0	0	0	0	0	0	0	0	0	0	0	0	0	0	1	2	3	1	1	0	0	0	0	2	0	0	0	1	0	0	0	0	0	0	0	1	0	1	1	0	1	0	4	0	0	4	0	0	0	0	0	1	0	0	0	0	1	1	1	0	0	0	0	0	2	2	0	0	0	0	0	0	0	0	1	0	0	38	2	1
M104_5LTR_SGA20	0	0	0	0	0	0	0	0	0	1	0	0	0	0	0	2	0	0	0	0	0	0	0	0	0	0	0	0	0	0	0	1	1	3	1	1	0	0	0	0	1	0	0	0	1	0	0	0	0	0	0	0	1	0	1	1	0	0	0	3	0	0	5	0	0	0	0	0	0	0	0	1	0	1	1	1	0	0	0	0	0	0	2	1	0	0	0	0	0	0	0	1	0	0	41	2	1
M104_5LTR_SGA21	1	0	0	0	1	0	0	0	0	1	0	0	0	0	0	2	0	0	1	0	0	0	0	0	0	0	0	0	0	0	0	1	2	3	1	1	0	0	0	0	2	0	0	0	1	0	0	0	0	0	0	0	1	0	1	1	0	0	0	3	0	0	5	0	0	0	0	0	0	0	0	0	0	1	1	1	0	0	0	0	0	1	2	1	0	0	0	0	0	0	0	1	0	0	40	2	1
M104_5LTR_SGA23_(reversed)	0	0	0	0	0	0	0	0	0	1	0	0	0	0	0	3	0	0	0	0	0	0	0	0	0	0	0	0	0	0	0	1	1	3	1	1	0	0	0	0	2	0	0	0	1	0	0	0	0	0	0	0	1	0	1	1	0	1	0	3	0	0	4	0	0	0	0	0	0	0	0	0	0	1	1	1	0	0	0	0	0	2	3	0	0	0	0	0	0	0	0	0	0	0	41	2	1
M104_5LTR_SGA24_(reversed)	0	0	0	0	0	0	0	0	0	1	0	0	0	0	0	1	0	0	0	0	0	0	0	0	0	0	0	0	0	0	0	1	0	3	1	0	0	0	0	1	2	0	0	0	1	0	0	0	0	0	0	0	1	0	1	1	0	1	0	3	1	0	4	0	0	0	0	0	1	0	0	0	1	1	1	1	0	0	0	0	0	2	2	0	0	0	0	0	0	0	0	1	0	0	41	2	1
M104_5LTR_SGA2_(reversed)	0	0	0	0	0	0	0	0	0	1	0	0	0	0	0	3	0	0	1	0	0	0	0	0	0	0	0	0	0	0	0	0	0	3	1	0	0	0	0	0	1	0	0	0	1	0	0	0	0	0	0	0	1	0	0	4	0	1	0	3	1	0	4	0	0	0	0	0	0	0	0	0	0	1	1	1	0	0	0	0	0	1	2	1	0	0	0	0	0	0	0	1	0	0	41	2	1
M104_5LTR_SGA3	0	0	0	0	0	0	0	0	0	1	0	0	0	0	0	2	0	0	0	0	0	0	0	0	0	0	0	0	0	0	0	0	0	3	1	0	0	0	0	0	1	0	0	0	1	0	0	0	0	0	0	0	1	0	0	4	0	1	0	4	1	0	6	0	0	0	0	0	0	0	0	0	0	1	1	1	0	0	0	0	0	1	2	0	0	0	0	0	0	0	0	1	0	0	38	2	1
M104_5LTR_SGA4_(reversed)	0	0	0	0	0	0	0	0	0	1	0	0	0	0	0	2	0	0	0	0	0	0	0	0	0	0	0	0	0	0	0	1	1	3	1	1	0	0	0	0	2	0	0	0	1	0	0	0	0	0	0	0	1	0	1	1	0	1	0	3	0	0	5	0	0	0	0	0	0	0	0	0	0	1	1	1	0	0	0	0	0	1	2	0	0	0	0	0	0	0	0	1	0	0	38	2	1
M104_5LTR_SGA5	0	0	0	0	0	0	0	0	0	1	0	0	0	0	0	2	0	0	1	0	0	0	0	0	0	0	0	0	0	0	0	0	0	3	1	0	0	0	0	0	1	0	0	0	1	0	0	0	0	0	0	0	2	0	0	4	0	1	0	3	0	0	7	0	0	0	0	0	0	0	0	0	0	1	1	1	0	0	0	0	0	1	2	1	0	0	0	0	0	0	0	2	0	0	39	2	1
M104_5LTR_SGA6_(reversed)	0	0	0	0	0	0	0	0	0	1	0	0	0	0	0	3	0	0	0	0	0	0	0	0	0	0	0	0	0	0	0	3	0	2	1	0	0	0	0	0	2	0	0	0	1	0	0	0	0	0	0	0	1	0	1	2	0	0	0	3	1	0	5	0	0	0	0	0	0	0	0	0	0	1	1	1	0	0	0	0	0	1	2	1	0	0	0	0	0	0	0	1	0	0	36	2	1
M104_5LTR_SGA7	1	0	0	0	0	0	0	0	0	0	0	0	0	0	0	3	0	0	0	0	0	0	0	0	0	0	0	0	0	0	0	2	1	3	1	0	0	0	0	0	0	0	0	0	0	0	0	0	0	0	0	0	1	0	1	1	0	1	0	3	0	0	4	0	0	0	0	0	0	0	0	0	0	1	2	0	0	0	0	0	0	1	2	0	0	0	0	0	0	0	0	3	0	1	44	2	1
M104_5LTR_SGA8	0	0	0	0	1	0	1	0	0	2	0	0	0	0	0	0	0	0	1	0	0	0	0	0	0	0	0	0	0	0	0	2	0	4	1	1	0	0	0	0	1	0	1	0	1	0	0	0	0	0	0	0	1	0	0	3	0	2	0	3	0	0	5	0	0	0	0	0	1	0	0	0	0	1	1	1	0	0	0	0	0	1	2	0	0	0	0	0	0	0	0	1	0	0	30	2	1
M104_5LTR_SGA9_(reversed)	1	0	0	0	1	0	0	0	0	1	0	0	0	0	0	2	0	0	2	0	0	0	0	0	0	0	0	0	0	0	0	1	2	3	1	1	0	0	0	0	2	0	0	0	1	0	0	0	0	0	0	0	2	0	1	1	0	0	0	3	0	0	5	0	0	0	0	0	0	0	0	0	0	1	1	1	0	0	0	0	0	1	2	1	0	0	0	0	0	0	0	1	0	0	39	2	1
M30502.1_BEN	0	0	0	0	2	0	0	0	0	0	0	0	0	0	0	4	0	0	2	0	0	0	0	0	0	0	0	0	0	0	0	4	0	6	0	2	2	0	0	0	0	0	0	0	2	2	0	0	0	0	0	0	4	0	2	4	0	0	0	4	0	0	8	0	0	0	0	0	0	0	0	0	0	2	4	0	0	2	0	0	0	2	2	0	0	0	0	0	0	0	0	6	0	2	76	4	0
MAC.US.x.239.M33262	0	0	0	0	1	0	0	0	0	1	1	0	1	0	2	2	0	0	2	0	0	0	1	0	0	0	0	0	0	0	0	1	0	5	0	2	0	0	1	0	0	0	0	0	1	0	0	0	0	1	2	2	2	0	0	0	0	0	1	2	3	0	1	1	1	0	0	0	0	0	1	0	0	1	0	2	0	0	0	0	0	0	0	0	0	0	0	0	0	0	2	3	0	0	33	1	0
U27200.1	0	0	0	4	2	0	0	0	0	0	0	0	0	0	0	4	0	0	4	0	0	0	0	2	0	2	0	0	0	0	0	4	0	6	0	4	0	0	0	0	0	0	0	0	0	0	0	0	0	0	0	0	2	0	0	4	0	0	2	4	0	0	6	0	0	0	0	0	0	0	0	0	0	6	8	0	0	0	0	0	2	0	0	2	0	4	0	0	0	0	0	4	0	0	74	2	0
pROD10_3LTR_REF	0	0	0	0	1	0	0	1	0	1	0	0	0	0	0	4	0	0	0	0	0	1	0	0	0	0	0	0	0	0	0	0	0	2	0	1	0	0	0	0	0	0	0	0	1	0	0	1	0	0	0	0	2	0	1	2	0	0	0	1	0	0	4	0	0	0	0	0	2	0	0	0	0	1	1	0	0	0	0	0	0	1	2	1	0	0	0	0	0	0	0	1	1	0	39	1	0
pROD10_5LTR_REF_1	0	0	0	0	0	0	0	1	0	1	0	0	0	0	0	5	0	0	0	0	0	1	0	0	0	0	0	0	0	0	0	0	0	2	0	2	0	0	0	0	0	0	0	0	1	0	0	1	0	0	0	0	2	0	1	1	0	0	0	1	0	0	4	0	0	0	0	0	2	0	0	0	0	1	1	0	0	0	0	0	0	1	2	1	0	0	0	0	0	0	0	1	1	0	40	1	0
pROD10_5LTR_REF_2	0	0	0	0	0	0	0	1	0	1	0	0	0	0	0	5	0	0	0	0	0	1	0	0	0	0	0	0	0	0	0	0	0	2	0	2	0	0	0	0	0	0	0	0	1	0	0	1	0	0	0	0	2	0	1	1	0	0	0	1	0	0	4	0	0	0	0	0	2	0	0	0	0	1	1	0	0	0	0	0	0	1	2	1	0	0	0	0	0	0	0	1	1	0	40	1	0
